Name,API Name,Memory,Compute Units (ECU),vCPUs,GPUs,FPGAs,ECU per vCPU,Physical Processor,Clock Speed(GHz),Intel AVX,Intel AVX2,Intel Turbo,Instance Storage,Instance Storage: already warmed-up,Instance Storage: SSD TRIM Support,Arch,Network Performance,EBS Optimized: Max Bandwidth,EBS Optimized: Throughput,EBS Optimized: Max 16K IOPS,EBS Exposed as NVMe,Max IPs,Max ENIs,Enhanced Networking,VPC Only,IPv6 Support,Placement Group Support,Linux Virtualization,On EMR,Linux On Demand cost,Linux Reserved cost,RHEL On Demand cost,RHEL Reserved cost,SLES On Demand cost,SLES Reserved cost,Windows On Demand cost,Windows Reserved cost,Windows SQL Web On Demand cost,Windows SQL Web Reserved cost,Windows SQL Std On Demand cost,Windows SQL Std Reserved cost,Windows SQL Ent On Demand cost,Windows SQL Ent Reserved cost,Linux SQL Web On Demand cost,Linux SQL Web Reserved cost,Linux SQL Std On Demand cost,Linux SQL Std Reserved cost,Linux SQL Ent On Demand cost,Linux SQL Ent Reserved cost,EBS Optimized surcharge,EMR cost,Storage,Burstable,Model Type,Category,StorageType
A1 Medium,a1.medium,2,0,1,0,0,0,AWS Graviton Processor,2.3 GHz,unknown,unknown,unknown,EBS only,N/A,N/A,64-bit,Up to 10 Gigabit,3500.0 Mbps,437.5 MB/s,20000.0 IOPS,Yes,8,2,Yes,Yes,Yes,No,Unknown,No,NA,NA,0.0855,0.0761,0.0565,0.0291,NA,NA,NA,NA,NA,NA,NA,NA,NA,NA,NA,NA,NA,NA,NA,NA,NA,FALSE,A1,General,EBS
T3A Extra Large,t3a.xlarge,16,NA,4,0,0,NA,AMD EPYC 7571,2.5 GHz,unknown,unknown,unknown,EBS only,N/A,N/A,64-bit,Moderate,2048.0 Mbps,256.0 MB/s,15700.0 IOPS,Yes,60,4,Yes,Yes,Yes,No,Unknown,No,NA,NA,0.2104,0.1543,0.2754,0.1443,NA,NA,0.2916,0.2355,0.704,0.6479,1.724,1.6679,0.218,0.1619,0.6304,0.5743,1.6504,1.5943,NA,NA,NA,TRUE,T3A,General,EBS
R4 High-Memory 16xlarge,r4.16xlarge,488,195,64,0,0,3.047,Intel Xeon E5-2686 v4 (Broadwell),2.3 GHz,Yes,Yes,Yes,EBS only,N/A,N/A,64-bit,20 Gigabit,14000.0 Mbps,1750.0 MB/s,75000.0 IOPS,No,750,15,Yes,Yes,Yes,No,HVM,Yes,4.992,3.1584,4.386,2.818,4.356,2.721,7.936,6.1024,8.327,6.759,14.88,13.312,31.2,29.632,5.3376,3.7696,11.936,10.368,28.256,26.688,NA,0.27,NA,FALSE,R4,Memory,EBS
T2 Large,t2.large,8,NA,2,0,0,NA,Intel Xeon Family,Up to 3.0 GHz,Yes,unknown,Yes,EBS only,N/A,N/A,64-bit,Low to Moderate,N/A,0 MB/s,0 IOPS,No,36,3,No,Yes,Yes,No,HVM,No,0.1056,0.0727,0.1528,0.1175,0.1928,0.0905,0.1336,0.1007,0.1918,0.1565,NA,NA,NA,NA,0.1604,0.1251,NA,NA,NA,NA,NA,NA,NA,TRUE,T2,General,EBS
M5A 24xlarge,m5a.24xlarge,384,0,96,0,0,0,AMD EPYC 7571,2.5 GHz,unknown,unknown,unknown,EBS only,N/A,N/A,64-bit,20 Gigabit,10000.0 Mbps,1250.0 MB/s,60000.0 IOPS,Yes,750,15,Yes,Yes,Yes,No,Unknown,Yes,NA,NA,4.258,2.757,4.278,2.687,NA,NA,10.166,8.665,20.064,18.563,44.544,43.043,5.75,4.249,15.648,14.147,40.128,38.627,NA,0.27,NA,FALSE,M5A,General,EBS
C4 High-CPU Eight Extra Large,c4.8xlarge,60,132,36,0,0,3.667,Intel Xeon E5-2666 v3 (Haswell),2.9 GHz,Yes,Yes,Yes,EBS only,N/A,N/A,64-bit,10 Gigabit,4000.0 Mbps,500.0 MB/s,32000.0 IOPS,No,240,8,Yes,Yes,Yes,No,HVM,Yes,1.902,1.31,1.721,1.138,1.691,1.041,3.558,2.966,3.881,3.154,12.485,8.407,16.747,16.164,2.208,1.616,5.92,5.328,15.1,14.508,0,0.27,NA,FALSE,C4,Compute,EBS
T3 Micro,t3.micro,1,NA,2,0,0,NA,Intel Skylake E5 2686 v5 (2.5 GHz),unknown,unknown,unknown,unknown,EBS only,N/A,N/A,64-bit,Low to Moderate,1536.0 Mbps,192.0 MB/s,11800.0 IOPS,Yes,4,2,No,Yes,Yes,No,Unknown,No,0.0118,0.0083,0.0704,0.0665,0.0104,0.0105,0.021,0.0175,0.0872,0.0833,NA,NA,NA,NA,0.078,0.0741,NA,NA,NA,NA,NA,NA,NA,TRUE,T3,General,EBS
R4 High-Memory Eight Extra Large,r4.8xlarge,244,99,32,0,0,3.094,Intel Xeon E5-2686 v4 (Broadwell),2.3 GHz,Yes,Yes,Yes,EBS only,N/A,N/A,64-bit,10 Gigabit,7000.0 Mbps,875.0 MB/s,37500.0 IOPS,No,240,8,Yes,Yes,Yes,No,HVM,Yes,2.496,1.5792,2.258,1.474,2.228,1.377,3.968,3.0512,4.164,3.38,7.44,6.656,15.6,14.816,2.6688,1.8848,5.968,5.184,14.128,13.344,NA,0.27,NA,FALSE,R4,Memory,EBS
H1 Quadruple Extra Large,h1.4xlarge,64,53.5,16,0,0,3.344,Intel Xeon E5-2686 v4 (Broadwell),2.3 GHz,Yes,Yes,Yes,4000 GiB               (2 * 2000 GiB HDD),Yes,N/A,64-bit,Up to 10 Gigabit,3500.0 Mbps,437.5 MB/s,20000.0 IOPS,No,240,8,Yes,Yes,Yes,No,HVM,Yes,NA,NA,1.066,0.766,1.036,0.669,NA,NA,1.942,1.643,3.592,3.292,7.672,7.372,1.206,0.907,2.856,2.556,6.936,6.636,NA,0.234,4000,FALSE,H1,Storage,HDD
C5N 18xlarge,c5n.18xlarge,192,0,72,0,0,0,Intel Xeon Platinum 8124M,3.0 Ghz,Yes,Yes,Yes,EBS only,N/A,N/A,64-bit,100 Gigabit,14000.0 Mbps,1750.0 MB/s,80000.0 IOPS,Yes,750,15,Yes,Yes,Yes,No,Unknown,Yes,NA,NA,4.018,2.579,4.038,2.509,NA,NA,8.417,6.978,15.84,14.401,34.2,32.761,5.105,3.666,12.528,11.089,30.888,29.449,NA,0.27,NA,FALSE,C5N,Compute,EBS
C5N 9xlarge,c5n.9xlarge,96,0,36,0,0,0,Intel Xeon Platinum 8124M,3.0 Ghz,Yes,Yes,Yes,EBS only,N/A,N/A,64-bit,50 Gigabit,7000.0 Mbps,875.0 MB/s,40000.0 IOPS,Yes,240,8,Yes,Yes,Yes,No,Unknown,Yes,NA,NA,2.074,1.355,2.094,1.285,NA,NA,4.208,3.489,7.92,7.201,17.1,16.381,2.552,1.833,6.264,5.545,15.444,14.725,NA,0.27,NA,FALSE,C5N,Compute,EBS
T3 Small,t3.small,2,NA,2,0,0,NA,Intel Skylake E5 2686 v5 (2.5 GHz),unknown,unknown,unknown,unknown,EBS only,N/A,N/A,64-bit,Low to Moderate,1536.0 Mbps,192.0 MB/s,11800.0 IOPS,Yes,12,3,No,Yes,Yes,No,Unknown,No,0.0236,0.0167,0.0808,0.073,0.0518,0.026,0.042,0.0351,0.1068,0.099,NA,NA,NA,NA,0.0884,0.0806,NA,NA,NA,NA,NA,NA,NA,TRUE,T3,General,EBS
M4 General Purpose Large,m4.large,8,6.5,2,0,0,3.25,Intel Xeon E5-2676 v3 (Haswell),2.4 GHz,Yes,Yes,Yes,EBS only,N/A,N/A,64-bit,Moderate,450.0 Mbps,56.25 MB/s,3600.0 IOPS,No,20,2,Yes,Yes,Yes,No,HVM,Yes,0.116,0.0787,0.16,0.122,0.2,0.095,0.208,0.1707,0.24,0.194,0.672,0.634,NA,NA,0.1676,0.1296,0.58,0.542,NA,NA,0,0.03,NA,FALSE,M4,General,EBS
C5 High-CPU Large,c5.large,4,9,2,0,0,4.5,Intel Xeon Platinum 8124M,3.0 Ghz,Yes,Yes,Yes,EBS only,N/A,N/A,64-bit,Up to 10 Gigabit,3500.0 Mbps,437.5 MB/s,20000.0 IOPS,Yes,30,3,Yes,Yes,Yes,No,HVM,No,0.101,0.069,0.145,0.114,0.185,0.087,0.193,0.161,0.245,0.213,0.657,0.626,NA,NA,0.153,0.121,0.565,0.534,NA,NA,0,NA,NA,FALSE,C5,Compute,EBS
C5N Double Extra Large,c5n.2xlarge,21,0,8,0,0,0,Intel Xeon Platinum 8124M,3.0 Ghz,Yes,Yes,Yes,EBS only,N/A,N/A,64-bit,Up to 25 Gigabit,3500.0 Mbps,437.5 MB/s,20000.0 IOPS,Yes,60,4,Yes,Yes,Yes,No,Unknown,Yes,NA,NA,0.562,0.402,0.582,0.332,NA,NA,0.935,0.775,1.76,1.6,3.8,3.64,0.567,0.407,1.392,1.232,3.432,3.272,NA,0.108,NA,FALSE,C5N,Compute,EBS
D2 Quadruple Extra Large,d2.4xlarge,122,56,16,0,0,3.5,Intel Xeon E5-2676v3 (Haswell),2.4 GHz,Yes,Yes,Yes,24000 GiB               (12 * 2000 GiB HDD),Yes,N/A,64-bit,High,2000.0 Mbps,250.0 MB/s,16000.0 IOPS,No,240,8,Yes,No,Yes,No,HVM,Yes,3.087,1.877,2.89,1.738,2.86,1.645,3.823,2.613,NA,NA,NA,NA,9.496,8.346,NA,NA,NA,NA,8.76,7.449,0,0.27,24000,FALSE,D2,Storage,HDD
T2 Extra Large,t2.xlarge,16,NA,4,0,0,NA,Intel Xeon Family,Up to 3.0 GHz,Yes,unknown,Yes,EBS only,N/A,N/A,64-bit,Moderate,N/A,0 MB/s,0 IOPS,No,45,3,No,Yes,Yes,No,HVM,No,0.2112,0.1454,0.2456,0.175,0.2856,0.148,0.2522,0.1864,0.298,0.2274,NA,NA,1.7266,1.656,0.2532,0.1826,NA,NA,1.6856,1.615,NA,NA,NA,TRUE,T2,General,EBS
D2 Eight Extra Large,d2.8xlarge,244,116,36,0,0,3.222,Intel Xeon E5-2676v3 (Haswell),2.4 GHz,Yes,Yes,Yes,48000 GiB               (24 * 2000 GiB HDD),Yes,N/A,64-bit,10 Gigabit,4000.0 Mbps,500.0 MB/s,32000.0 IOPS,No,240,8,Yes,No,Yes,No,HVM,Yes,6.174,3.753,5.65,3.346,5.62,3.253,7.83,5.409,NA,NA,NA,NA,20.676,18.375,NA,NA,NA,NA,19.02,16.398,0,0.27,48000,FALSE,D2,Storage,HDD
T3A Micro,t3a.micro,1,NA,2,0,0,NA,AMD EPYC 7571,2.5 GHz,unknown,unknown,unknown,EBS only,N/A,N/A,64-bit,Low to Moderate,1536.0 Mbps,192.0 MB/s,11800.0 IOPS,Yes,4,2,Yes,Yes,Yes,No,Unknown,No,NA,NA,0.0694,0.0659,0.0094,0.0099,NA,NA,0.0862,0.0827,NA,NA,NA,NA,0.077,0.0735,NA,NA,NA,NA,NA,NA,NA,TRUE,T3A,General,EBS
C1 High-CPU Extra Large,c1.xlarge,7,20,8,0,0,2.5,Intel Xeon Family,unknown,unknown,unknown,unknown,1680 GiB               (4 * 420 GiB HDD),No,N/A,64-bit,High,N/A,0 MB/s,0 IOPS,No,60,4,No,No,No,No,PV,Yes,NA,NA,0.65,0.494,0.62,0.4,NA,NA,1.16,0.793,2.124,1.537,NA,NA,NA,NA,NA,NA,NA,NA,NA,0.12,1680,FALSE,C1,Compute,HDD
U-6TB1 Metal,u-6tb1.metal,6144,0,448,0,0,0,Intel Xeon Scalable (Skylake) processors,unknown,unknown,unknown,unknown,EBS only,N/A,N/A,64-bit,25 Gigabit,14000.0 Mbps,1750.0 MB/s,80000.0 IOPS,No,150,5,No,Yes,Yes,No,Unknown,No,NA,NA,NA,NA,NA,NA,NA,NA,NA,NA,NA,NA,NA,NA,NA,NA,NA,NA,NA,NA,NA,NA,NA,FALSE,UTB1,Memory,EBS
T2 Medium,t2.medium,4,NA,2,0,0,NA,Intel Xeon Family,Up to 3.3 GHz,Yes,unknown,Yes,EBS only,N/A,N/A,32/64-bit,Low to Moderate,N/A,0 MB/s,0 IOPS,No,18,3,No,Yes,Yes,No,HVM,No,0.052,0.0363,0.1064,0.0887,0.1464,0.0617,0.0704,0.0543,0.1358,0.1181,NA,NA,NA,NA,0.114,0.0963,NA,NA,NA,NA,NA,NA,NA,TRUE,T2,General,EBS
C5 High-CPU Extra Large,c5.xlarge,8,17,4,0,0,4.25,Intel Xeon Platinum 8124M,3.0 Ghz,Yes,Yes,Yes,EBS only,N/A,N/A,64-bit,Up to 10 Gigabit,3500.0 Mbps,437.5 MB/s,20000.0 IOPS,Yes,60,4,Yes,Yes,Yes,No,HVM,Yes,0.202,0.139,0.23,0.167,0.27,0.14,0.386,0.323,0.422,0.359,0.834,0.771,1.854,1.791,0.238,0.175,0.65,0.587,1.67,1.607,0,0.043,NA,FALSE,C5,Compute,EBS
T3 Double Extra Large,t3.2xlarge,32,NA,8,0,0,NA,Intel Skylake E5 2686 v5 (2.5 GHz),unknown,unknown,unknown,unknown,EBS only,N/A,N/A,64-bit,Moderate,2048.0 Mbps,256.0 MB/s,15700.0 IOPS,Yes,60,4,No,Yes,Yes,No,Unknown,No,0.3776,0.2667,0.4628,0.3386,0.4828,0.2686,0.5248,0.4139,0.6152,0.491,1.44,1.3158,3.48,3.3558,0.468,0.3438,1.2928,1.1686,3.3328,3.2086,NA,NA,NA,TRUE,T3,General,EBS
R4 High-Memory Extra Large,r4.xlarge,30.5,13.5,4,0,0,3.375,Intel Xeon E5-2686 v4 (Broadwell),2.3 GHz,Yes,Yes,Yes,EBS only,N/A,N/A,64-bit,Up to 10 Gigabit,850.0 Mbps,106.25 MB/s,6000.0 IOPS,No,60,4,Yes,Yes,Yes,No,HVM,Yes,0.312,0.1974,0.396,0.228,0.366,0.201,0.496,0.3814,0.521,0.423,0.93,0.832,1.95,1.852,0.3336,0.2356,0.746,0.648,1.766,1.668,NA,0.067,NA,FALSE,R4,Memory,EBS
T3 Extra Large,t3.xlarge,16,NA,4,0,0,NA,Intel Skylake E5 2686 v5 (2.5 GHz),unknown,unknown,unknown,unknown,EBS only,N/A,N/A,64-bit,Moderate,2048.0 Mbps,256.0 MB/s,15700.0 IOPS,Yes,60,4,No,Yes,Yes,No,Unknown,No,0.1888,0.1334,0.2264,0.1643,0.2914,0.1543,0.2624,0.207,0.3076,0.2455,0.72,0.6579,1.74,1.6779,0.234,0.1719,0.6464,0.5843,1.6664,1.6043,NA,NA,NA,TRUE,T3,General,EBS
M5A Double Extra Large,m5a.2xlarge,32,0,8,0,0,0,AMD EPYC 7571,2.5 GHz,unknown,unknown,unknown,EBS only,N/A,N/A,64-bit,Up to 10 Gigabit,2120.0 Mbps,265.0 MB/s,16000.0 IOPS,Yes,60,4,Yes,Yes,Yes,No,Unknown,Yes,NA,NA,0.474,0.349,0.494,0.279,NA,NA,0.847,0.722,1.672,1.547,3.712,3.587,0.479,0.354,1.304,1.179,3.344,3.219,NA,0.086,NA,FALSE,M5A,General,EBS
M4 General Purpose Double Extra Large,m4.2xlarge,32,26,8,0,0,3.25,Intel Xeon E5-2676 v3 (Haswell),2.4 GHz,Yes,Yes,Yes,EBS only,N/A,N/A,64-bit,High,1000.0 Mbps,125.0 MB/s,8000.0 IOPS,No,60,4,Yes,Yes,Yes,No,HVM,Yes,0.464,0.315,0.53,0.3778,0.5,0.2808,0.832,0.683,0.9,0.689,1.728,1.5758,3.768,3.6158,0.5352,0.383,1.36,1.2078,3.4,3.2478,0,0.12,NA,FALSE,M4,General,EBS
U-9TB1 Metal,u-9tb1.metal,9216,0,448,0,0,0,Intel Xeon Scalable (Skylake) processors,unknown,unknown,unknown,unknown,EBS only,N/A,N/A,64-bit,25 Gigabit,14000.0 Mbps,1750.0 MB/s,80000.0 IOPS,No,150,5,No,Yes,Yes,No,Unknown,No,NA,NA,NA,NA,NA,NA,NA,NA,NA,NA,NA,NA,NA,NA,NA,NA,NA,NA,NA,NA,NA,NA,NA,FALSE,UTB1,Memory,EBS
T3A Double Extra Large,t3a.2xlarge,32,NA,8,0,0,NA,AMD EPYC 7571,2.5 GHz,unknown,unknown,unknown,EBS only,N/A,N/A,64-bit,Moderate,2048.0 Mbps,256.0 MB/s,15700.0 IOPS,Yes,60,4,Yes,Yes,Yes,No,Unknown,No,NA,NA,0.4308,0.3186,0.4508,0.2486,NA,NA,0.5832,0.471,1.408,1.2958,3.448,3.3358,0.436,0.3238,1.2608,1.1486,3.3008,3.1886,NA,NA,NA,TRUE,T3A,General,EBS
D2 Double Extra Large,d2.2xlarge,61,28,8,0,0,3.5,Intel Xeon E5-2676v3 (Haswell),2.4 GHz,Yes,Yes,Yes,12000 GiB               (6 * 2000 GiB HDD),Yes,N/A,64-bit,High,1000.0 Mbps,125.0 MB/s,8000.0 IOPS,No,60,4,Yes,No,Yes,No,HVM,Yes,1.544,0.938,1.51,0.934,1.48,0.841,1.912,1.306,NA,NA,NA,NA,4.748,4.173,NA,NA,NA,NA,4.38,3.725,0,0.27,12000,FALSE,D2,Storage,HDD
M5A Extra Large,m5a.xlarge,16,0,4,0,0,0,AMD EPYC 7571,2.5 GHz,unknown,unknown,unknown,EBS only,N/A,N/A,64-bit,Up to 10 Gigabit,2120.0 Mbps,265.0 MB/s,16000.0 IOPS,Yes,60,4,Yes,Yes,Yes,No,Unknown,Yes,NA,NA,0.232,0.169,0.297,0.159,NA,NA,0.424,0.361,0.836,0.773,1.856,1.793,0.24,0.177,0.652,0.589,1.672,1.609,NA,0.043,NA,FALSE,M5A,General,EBS
M5A 12xlarge,m5a.12xlarge,192,0,48,0,0,0,AMD EPYC 7571,2.5 GHz,unknown,unknown,unknown,EBS only,N/A,N/A,64-bit,10 Gigabit,5000.0 Mbps,625.0 MB/s,30000.0 IOPS,Yes,240,8,Yes,Yes,Yes,No,Unknown,Yes,NA,NA,2.194,1.443,2.214,1.373,NA,NA,5.083,4.333,10.032,9.281,22.272,21.521,2.875,2.125,7.824,7.073,20.064,19.313,NA,0.27,NA,FALSE,M5A,General,EBS
M5 General Purpose 24xlarge,m5.24xlarge,384,345,96,0,0,3.594,Intel Xeon Platinum 8175,2.5 GHz,Yes,Yes,Yes,EBS only,N/A,N/A,64-bit,25 Gigabit,14000.0 Mbps,1750.0 MB/s,80000.0 IOPS,Yes,750,15,Yes,Yes,Yes,No,HVM,Yes,5.328,3.73,4.738,3.074,4.708,2.977,9.744,8.146,10.646,8.982,20.544,18.88,45.024,43.36,6.23,4.566,16.128,14.464,40.608,38.944,NA,0.27,NA,FALSE,M5,General,EBS
C5 High-CPU 12xlarge,c5.12xlarge,96,188,48,0,0,3.917,Intel Xeon Platinum 8275L,3.0 Ghz,Yes,Yes,Yes,EBS only,N/A,N/A,64-bit,12 Gigabit,7000.0 Mbps,875.0 MB/s,40000.0 IOPS,Yes,240,8,Yes,Yes,Yes,No,HVM,No,2.424,1.667,2.17,1.415,2.14,1.318,4.632,3.875,5.059,4.304,10.008,9.253,22.248,21.493,2.851,2.096,7.8,7.045,20.04,19.285,NA,NA,NA,FALSE,C5,Compute,EBS
C5 High-CPU 18xlarge,c5.18xlarge,144,281,72,0,0,3.903,Intel Xeon Platinum 8124M,3.0 Ghz,Yes,Yes,Yes,EBS only,N/A,N/A,64-bit,25 Gigabit,14000.0 Mbps,1750.0 MB/s,80000.0 IOPS,Yes,750,15,Yes,Yes,Yes,No,HVM,Yes,3.636,2.501,3.19,2.058,3.16,1.961,6.948,5.813,7.589,6.457,15.012,13.88,33.372,32.24,4.277,3.145,11.7,10.568,30.06,28.928,0,0.27,NA,FALSE,C5,Compute,EBS
M4 General Purpose 16xlarge,m4.16xlarge,256,188,64,0,0,2.938,Intel Xeon E5-2686 v4 (Broadwell),2.3 GHz,Yes,Yes,Yes,EBS only,N/A,N/A,64-bit,20 Gigabit,10000.0 Mbps,1250.0 MB/s,65000.0 IOPS,No,240,8,Yes,Yes,Yes,No,HVM,Yes,3.712,2.52,3.33,2.1124,3.3,2.0154,6.656,5.464,7.331,5.518,13.824,12.6064,30.144,28.9264,4.2816,3.064,10.88,9.6624,27.2,25.9824,NA,0.27,NA,FALSE,M4,General,EBS
General Purpose GPU Eight Extra Large,p2.8xlarge,488,94,32,8,0,2.938,Intel Xeon E5-2686 v4 (Broadwell),2.3 GHz,Yes,Yes,Yes,EBS only,N/A,N/A,64-bit,10 Gigabit,5000.0 Mbps,625.0 MB/s,32500.0 IOPS,No,240,8,Yes,Yes,Yes,No,HVM,Yes,NA,NA,7.33,5.044,7.3,4.947,NA,NA,NA,NA,NA,NA,NA,NA,NA,NA,NA,NA,NA,NA,NA,0.27,NA,FALSE,P2,Accelerated,EBS
U-12TB1 Metal,u-12tb1.metal,12288,0,448,0,0,0,Intel Xeon Scalable (Skylake) processors,unknown,unknown,unknown,unknown,EBS only,N/A,N/A,64-bit,25 Gigabit,14000.0 Mbps,1750.0 MB/s,80000.0 IOPS,No,150,5,No,Yes,Yes,No,Unknown,No,NA,NA,NA,NA,NA,NA,NA,NA,NA,NA,NA,NA,NA,NA,NA,NA,NA,NA,NA,NA,NA,NA,NA,FALSE,UTB1,Memory,EBS
A1 Extra Large,a1.xlarge,8,0,4,0,0,0,AWS Graviton Processor,2.3 GHz,unknown,unknown,unknown,EBS only,N/A,N/A,64-bit,Up to 10 Gigabit,3500.0 Mbps,437.5 MB/s,20000.0 IOPS,Yes,60,4,Yes,Yes,Yes,No,Unknown,No,NA,NA,0.162,0.1243,0.227,0.1143,NA,NA,NA,NA,NA,NA,NA,NA,NA,NA,NA,NA,NA,NA,NA,NA,NA,FALSE,A1,General,EBS
P3 Eight Extra Large,p3.8xlarge,244,94,32,4,0,2.938,Intel Xeon E5-2686 v4 (Broadwell),2.3 GHz,Yes,Yes,Yes,EBS only,N/A,N/A,64-bit,10 Gigabit,7000.0 Mbps,875.0 MB/s,40000.0 IOPS,No,240,8,Yes,Yes,Yes,No,HVM,Yes,14.356,9.798,12.37,8.484,12.34,8.387,15.828,11.27,NA,NA,NA,NA,NA,NA,NA,NA,NA,NA,NA,NA,NA,0.27,NA,FALSE,P3,Accelerated,EBS
R5A Large,r5a.large,16,0,2,0,0,0,AMD EPYC 7571,2.5 GHz,unknown,unknown,unknown,EBS only,N/A,N/A,64-bit,10 Gigabit,2120.0 Mbps,265.0 MB/s,16000.0 IOPS,Yes,30,3,Yes,Yes,Yes,No,Unknown,No,NA,NA,0.173,0.131,0.176,0.096,NA,NA,0.273,0.231,0.685,0.643,NA,NA,0.181,0.139,0.593,0.551,NA,NA,NA,NA,NA,FALSE,R5A,Memory,EBS
R5A Quadruple Extra Large,r5a.4xlarge,128,0,16,0,0,0,AMD EPYC 7571,2.5 GHz,unknown,unknown,unknown,EBS only,N/A,N/A,64-bit,10 Gigabit,2120.0 Mbps,265.0 MB/s,16000.0 IOPS,Yes,240,8,Yes,Yes,Yes,No,Unknown,Yes,NA,NA,1.034,0.7,1.054,0.63,NA,NA,1.91,1.577,3.56,3.226,7.64,7.306,1.174,0.841,2.824,2.49,6.904,6.57,NA,0.226,NA,FALSE,R5A,Memory,EBS
R5 Extra Large,r5.xlarge,32,19,4,0,0,4.75,Intel Xeon Platinum 8175,unknown,unknown,unknown,unknown,EBS only,N/A,N/A,64-bit,10 Gigabit,3500.0 Mbps,437.5 MB/s,18750.0 IOPS,Yes,60,4,No,Yes,Yes,No,HVM,Yes,0.296,0.186,0.312,0.219,0.377,0.209,0.48,0.37,0.504,0.41,0.916,0.823,1.936,1.843,0.32,0.226,0.732,0.639,1.752,1.659,NA,0.063,NA,FALSE,R5,Memory,EBS
T3 Large,t3.large,8,NA,2,0,0,NA,Intel Skylake E5 2686 v5 (2.5 GHz),unknown,unknown,unknown,unknown,EBS only,N/A,N/A,64-bit,Low to Moderate,2048.0 Mbps,256.0 MB/s,15700.0 IOPS,Yes,36,3,No,Yes,Yes,No,Unknown,No,0.0944,0.0667,0.1432,0.1122,0.1462,0.0772,0.122,0.0943,0.1784,0.1474,NA,NA,NA,NA,0.1508,0.1198,NA,NA,NA,NA,NA,NA,NA,TRUE,T3,General,EBS
R4 High-Memory Double Extra Large,r4.2xlarge,61,27,8,0,0,3.375,Intel Xeon E5-2686 v4 (Broadwell),2.3 GHz,Yes,Yes,Yes,EBS only,N/A,N/A,64-bit,Up to 10 Gigabit,1700.0 Mbps,212.5 MB/s,12000.0 IOPS,No,60,4,Yes,Yes,Yes,No,HVM,Yes,0.624,0.3948,0.662,0.433,0.632,0.369,0.992,0.7628,0.787,0.628,1.86,1.664,3.9,3.704,0.6672,0.4712,1.492,1.296,3.532,3.336,NA,0.133,NA,FALSE,R4,Memory,EBS
M2 High Memory Double Extra Large,m2.2xlarge,34.2,13,4,0,0,3.25,Intel Xeon Family,unknown,unknown,unknown,unknown,850 GiB               HDD,No,N/A,64-bit,Moderate,N/A,0 MB/s,0 IOPS,No,120,4,No,No,No,No,PV,Yes,NA,NA,0.55,0.282,0.59,0.258,NA,NA,0.85,0.622,1.489,0.944,NA,NA,NA,NA,NA,NA,NA,NA,NA,0.123,850,FALSE,M2,General,HDD
D2 Extra Large,d2.xlarge,30.5,14,4,0,0,3.5,Intel Xeon E5-2676v3 (Haswell),2.4 GHz,Yes,Yes,Yes,6000 GiB               (3 * 2000 GiB HDD),Yes,N/A,64-bit,Moderate,750.0 Mbps,93.75 MB/s,6000.0 IOPS,No,60,4,Yes,No,Yes,No,HVM,Yes,0.772,0.469,0.75,0.462,0.79,0.439,0.956,0.653,NA,NA,NA,NA,2.374,2.086,NA,NA,NA,NA,2.19,1.862,0,0.173,6000,FALSE,D2,Storage,HDD
A1 Double Extra Large,a1.2xlarge,16,0,8,0,0,0,AWS Graviton Processor,2.3 GHz,unknown,unknown,unknown,EBS only,N/A,N/A,64-bit,Up to 10 Gigabit,3500.0 Mbps,437.5 MB/s,20000.0 IOPS,Yes,60,4,Yes,Yes,Yes,No,Unknown,No,NA,NA,0.334,0.2585,0.354,0.1885,NA,NA,NA,NA,NA,NA,NA,NA,NA,NA,NA,NA,NA,NA,NA,NA,NA,FALSE,A1,General,EBS
M2 High Memory Extra Large,m2.xlarge,17.1,6.5,2,0,0,3.25,Intel Xeon Family,unknown,unknown,unknown,unknown,420 GiB               HDD,No,N/A,64-bit,Moderate,N/A,0 MB/s,0 IOPS,No,60,4,No,No,No,No,PV,Yes,NA,NA,0.305,0.171,0.345,0.147,NA,NA,0.445,0.323,1.084,0.728,NA,NA,NA,NA,NA,NA,NA,NA,NA,0.062,420,FALSE,M2,General,HDD
M4 General Purpose Extra Large,m4.xlarge,16,13,4,0,0,3.25,Intel Xeon E5-2676 v3 (Haswell),2.4  GHz,Yes,Yes,Yes,EBS only,N/A,N/A,64-bit,High,750.0 Mbps,93.75 MB/s,6000.0 IOPS,No,60,4,Yes,Yes,Yes,No,HVM,Yes,0.232,0.1575,0.26,0.1839,0.3,0.1569,0.416,0.3415,0.439,0.346,0.864,0.7879,1.884,1.8079,0.2676,0.1915,0.68,0.6039,1.7,1.6239,0,0.06,NA,FALSE,M4,General,EBS
M1 General Purpose Medium,m1.medium,3.75,2,1,0,0,2,Intel Xeon Family,unknown,unknown,unknown,unknown,410 GiB               HDD,No,N/A,32/64-bit,Moderate,N/A,0 MB/s,0 IOPS,No,12,2,No,No,No,No,PV,Yes,NA,NA,0.147,0.116,0.187,0.092,NA,NA,0.237,0.155,0.744,0.543,NA,NA,NA,NA,NA,NA,NA,NA,NA,0.022,410,FALSE,M1,General,HDD
A1 Large,a1.large,4,0,2,0,0,0,AWS Graviton Processor,2.3 GHz,unknown,unknown,unknown,EBS only,N/A,N/A,64-bit,Up to 10 Gigabit,3500.0 Mbps,437.5 MB/s,20000.0 IOPS,Yes,30,3,Yes,Yes,Yes,No,Unknown,No,NA,NA,0.111,0.0921,0.114,0.0571,NA,NA,NA,NA,NA,NA,NA,NA,NA,NA,NA,NA,NA,NA,NA,NA,NA,FALSE,A1,General,EBS
H1 Eight Extra Large,h1.8xlarge,128,99,32,0,0,3.094,Intel Xeon E5-2686 v4 (Broadwell),2.3 GHz,Yes,Yes,Yes,8000 GiB               (4 * 2000 GiB HDD),Yes,N/A,64-bit,10 Gigabit,7000.0 Mbps,875.0 MB/s,40000.0 IOPS,No,240,8,Yes,Yes,Yes,No,HVM,Yes,NA,NA,2.002,1.402,1.972,1.305,NA,NA,3.885,3.285,7.184,6.584,15.344,14.744,2.413,1.813,5.712,5.112,13.872,13.272,NA,0.27,8000,FALSE,H1,Storage,HDD
C4 High-CPU Large,c4.large,3.75,8,2,0,0,4,Intel Xeon E5-2666 v3 (Haswell),2.9 GHz,Yes,Yes,Yes,EBS only,N/A,N/A,64-bit,Moderate,500.0 Mbps,62.5 MB/s,4000.0 IOPS,No,30,3,Yes,Yes,Yes,No,HVM,Yes,0.119,0.082,0.16,0.123,0.2,0.096,0.211,0.174,0.331,0.226,1.319,1.068,NA,NA,0.168,0.131,0.58,0.543,NA,NA,0,0.026,NA,FALSE,C4,Compute,EBS
R5 12xlarge,r5.12xlarge,384,173,48,0,0,3.604,Intel Xeon Platinum 8175,unknown,unknown,unknown,unknown,EBS only,N/A,N/A,64-bit,10 Gigabit,7000.0 Mbps,875.0 MB/s,40000.0 IOPS,Yes,240,8,No,Yes,Yes,No,HVM,Yes,3.552,2.238,3.154,2.035,3.174,1.965,5.76,4.446,6.043,4.924,10.992,9.873,23.232,22.113,3.835,2.716,8.784,7.665,21.024,19.905,NA,0.27,NA,FALSE,R5,Memory,EBS
M5 General Purpose 12xlarge,m5.12xlarge,192,173,48,0,0,3.604,Intel Xeon Platinum 8175,2.5 GHz,Yes,Yes,Yes,EBS only,N/A,N/A,64-bit,10 Gigabit,7000.0 Mbps,875.0 MB/s,40000.0 IOPS,Yes,240,8,Yes,Yes,Yes,No,HVM,Yes,2.664,1.865,2.434,1.602,2.404,1.505,4.872,4.073,5.323,4.491,10.272,9.44,22.512,21.68,3.115,2.283,8.064,7.232,20.304,19.472,NA,0.27,NA,FALSE,M5,General,EBS
M1 General Purpose Extra Large,m1.xlarge,15,8,4,0,0,2,Intel Xeon Family,unknown,unknown,unknown,unknown,1680 GiB               (4 * 420 GiB HDD),No,N/A,64-bit,High,N/A,0 MB/s,0 IOPS,No,60,4,No,No,No,No,PV,Yes,NA,NA,0.41,0.284,0.45,0.26,NA,NA,0.83,0.543,1.362,0.906,NA,NA,NA,NA,NA,NA,NA,NA,NA,0.088,1680,FALSE,M1,General,HDD
M2 High Memory Quadruple Extra Large,m2.4xlarge,68.4,26,8,0,0,3.25,Intel Xeon Family,unknown,unknown,unknown,unknown,1680 GiB               (2 * 840 GiB HDD),No,N/A,64-bit,High,N/A,0 MB/s,0 IOPS,No,240,8,No,No,No,No,PV,Yes,NA,NA,1.11,0.574,1.08,0.48,NA,NA,1.7,1.245,2.976,1.887,NA,NA,NA,NA,NA,NA,NA,NA,NA,0.246,1680,FALSE,M2,General,HDD
R5 Large,r5.large,16,9,2,0,0,4.5,Intel Xeon Platinum 8175,3.1 GHz,unknown,unknown,unknown,EBS only,N/A,N/A,64-bit,10 Gigabit,3500.0 Mbps,437.5 MB/s,18750.0 IOPS,Yes,30,3,No,Yes,Yes,No,HVM,No,0.148,0.093,0.186,0.139,0.189,0.104,0.24,0.185,0.286,0.239,0.698,0.651,NA,NA,0.194,0.147,0.606,0.559,NA,NA,NA,NA,NA,FALSE,R5,Memory,EBS
M5 General Purpose Extra Large,m5.xlarge,16,16,4,0,0,4,Intel Xeon Platinum 8175,2.5 GHz,Yes,Yes,Yes,EBS only,N/A,N/A,64-bit,Up to 10 Gigabit,3500.0 Mbps,437.5 MB/s,18750.0 IOPS,Yes,60,4,Yes,Yes,Yes,No,HVM,Yes,0.222,0.155,0.252,0.183,0.292,0.156,0.406,0.339,0.444,0.374,0.856,0.787,1.876,1.807,0.26,0.19,0.672,0.603,1.692,1.623,NA,0.048,NA,FALSE,M5,General,EBS
G3S Extra Large,g3s.xlarge,30.5,13,4,1,0,3.25,Intel Xeon E5-2686 v4 (Broadwell),unknown,unknown,unknown,unknown,EBS only,N/A,N/A,64-bit,10 Gigabit,850.0 Mbps,100.0 MB/s,5000.0 IOPS,No,60,4,No,Yes,Yes,No,Unknown,Yes,0.94,0.716,0.81,0.611,0.875,0.601,1.124,0.9,NA,NA,NA,NA,NA,NA,NA,NA,NA,NA,NA,NA,NA,0.188,NA,FALSE,G3S,Accelerated,EBS
R5A Extra Large,r5a.xlarge,32,0,4,0,0,0,AMD EPYC 7571,2.5 GHz,unknown,unknown,unknown,EBS only,N/A,N/A,64-bit,10 Gigabit,2120.0 Mbps,265.0 MB/s,16000.0 IOPS,Yes,60,4,Yes,Yes,Yes,No,Unknown,Yes,NA,NA,0.286,0.203,0.351,0.193,NA,NA,0.478,0.394,0.89,0.807,1.91,1.827,0.294,0.21,0.706,0.623,1.726,1.643,NA,0.057,NA,FALSE,R5A,Memory,EBS
M5 General Purpose Metal,m5.metal,384,345,96,0,0,3.594,Intel Xeon Platinum 8175,2.5 GHz,Yes,Yes,Yes,EBS only,N/A,N/A,64-bit,25 Gigabit,14000.0 Mbps,1750.0 MB/s,80000.0 IOPS,Yes,750,15,Yes,Yes,Yes,No,HVM,No,5.328,3.73,4.738,3.074,4.708,2.977,9.744,8.146,10.646,8.982,20.544,18.88,45.024,43.36,6.23,4.566,16.128,14.464,40.608,38.944,NA,NA,NA,FALSE,M5,General,EBS
R4 High-Memory Quadruple Extra Large,r4.4xlarge,122,53,16,0,0,3.312,Intel Xeon E5-2686 v4 (Broadwell),2.3 GHz,Yes,Yes,Yes,EBS only,N/A,N/A,64-bit,Up to 10 Gigabit,3500.0 Mbps,437.5 MB/s,18750.0 IOPS,No,240,8,Yes,Yes,Yes,No,HVM,Yes,1.248,0.7896,1.194,0.802,1.164,0.705,1.984,1.5256,2.082,1.69,3.72,3.328,7.8,7.408,1.3344,0.9424,2.984,2.592,7.064,6.672,NA,0.266,NA,FALSE,R4,Memory,EBS
T3 Medium,t3.medium,4,NA,2,0,0,NA,Intel Skylake E5 2686 v5 (2.5 GHz),unknown,unknown,unknown,unknown,EBS only,N/A,N/A,64-bit,Low to Moderate,1536.0 Mbps,192.0 MB/s,11800.0 IOPS,Yes,18,3,No,Yes,Yes,No,Unknown,No,0.0472,0.0333,0.1016,0.0861,0.1046,0.0511,0.0656,0.0517,0.1276,0.1121,NA,NA,NA,NA,0.1092,0.0937,NA,NA,NA,NA,NA,NA,NA,TRUE,T3,General,EBS
R5 24xlarge,r5.24xlarge,768,347,96,0,0,3.615,Intel Xeon Platinum 8175,unknown,unknown,unknown,unknown,EBS only,N/A,N/A,64-bit,25 Gigabit,14000.0 Mbps,1750.0 MB/s,80000.0 IOPS,Yes,750,15,No,Yes,Yes,No,HVM,Yes,7.104,4.476,6.178,3.94,6.198,3.87,11.52,8.892,12.086,9.849,21.984,19.746,46.464,44.226,7.67,5.433,17.568,15.33,42.048,39.81,NA,0.27,NA,FALSE,R5,Memory,EBS
R5 Metal,r5.metal,768,347,96,0,0,3.615,Intel Xeon Platinum 8175,unknown,unknown,unknown,unknown,EBS only,N/A,N/A,64-bit,25 Gigabit,14000.0 Mbps,1750.0 MB/s,80000.0 IOPS,Yes,750,15,No,Yes,Yes,No,HVM,No,7.104,4.476,6.178,3.94,6.198,3.87,11.52,8.892,12.086,9.849,21.984,19.746,46.464,44.226,7.67,5.433,17.568,15.33,42.048,39.81,NA,NA,NA,FALSE,R5,Memory,EBS
C4 High-CPU Extra Large,c4.xlarge,7.5,16,4,0,0,4,Intel Xeon E5-2666 v3 (Haswell),2.9 GHz,Yes,Yes,Yes,EBS only,N/A,N/A,64-bit,High,750.0 Mbps,93.75 MB/s,6000.0 IOPS,No,60,4,Yes,Yes,Yes,No,HVM,Yes,0.237,0.164,0.259,0.186,0.299,0.159,0.421,0.348,0.624,0.381,1.51,1.27,1.883,1.81,0.268,0.194,0.68,0.606,1.7,1.626,0,0.052,NA,FALSE,C4,Compute,EBS
C5 High-CPU Quadruple Extra Large,c5.4xlarge,32,68,16,0,0,4.25,Intel Xeon Platinum 8124M,3.0 Ghz,Yes,Yes,Yes,EBS only,N/A,N/A,64-bit,Up to 10 Gigabit,3500.0 Mbps,437.5 MB/s,20000.0 IOPS,Yes,240,8,Yes,Yes,Yes,No,HVM,Yes,0.808,0.556,0.81,0.558,0.78,0.461,1.544,1.292,1.686,1.435,3.336,3.084,7.416,7.164,0.95,0.699,2.6,2.348,6.68,6.428,0,0.17,NA,FALSE,C5,Compute,EBS
T2 Nano,t2.nano,0.5,NA,1,0,0,NA,Intel Xeon Family,Up to 3.3 GHz,Yes,unknown,Yes,EBS only,N/A,N/A,32/64-bit,Low,N/A,0 MB/s,0 IOPS,No,4,2,No,Yes,Yes,No,HVM,No,0.0066,0.0045,NA,NA,0.0158,0.0126,0.0089,0.0068,NA,NA,NA,NA,NA,NA,NA,NA,NA,NA,NA,NA,NA,NA,NA,TRUE,T2,General,EBS
T3A Medium,t3a.medium,4,NA,2,0,0,NA,AMD EPYC 7571,2.5 GHz,unknown,unknown,unknown,EBS only,N/A,N/A,64-bit,Low to Moderate,1536.0 Mbps,192.0 MB/s,11800.0 IOPS,Yes,18,3,Yes,Yes,Yes,No,Unknown,No,NA,NA,0.0976,0.0836,0.1006,0.0486,NA,NA,0.1236,0.1096,NA,NA,NA,NA,0.1052,0.0912,NA,NA,NA,NA,NA,NA,NA,TRUE,T3A,General,EBS
M4 General Purpose Quadruple Extra Large,m4.4xlarge,64,53.5,16,0,0,3.344,Intel Xeon E5-2676 v3 (Haswell),2.4 GHz,Yes,Yes,Yes,EBS only,N/A,N/A,64-bit,High,2000.0 Mbps,250.0 MB/s,16000.0 IOPS,No,240,8,Yes,Yes,Yes,No,HVM,Yes,0.928,0.63,0.93,0.6256,0.9,0.5286,1.664,1.366,1.844,1.381,3.456,3.1516,7.536,7.2316,1.0704,0.766,2.72,2.4156,6.8,6.4956,0,0.24,NA,FALSE,M4,General,EBS
C4 High-CPU Quadruple Extra Large,c4.4xlarge,30,62,16,0,0,3.875,Intel Xeon E5-2666 v3 (Haswell),2.9 GHz,Yes,Yes,Yes,EBS only,N/A,N/A,64-bit,High,2000.0 Mbps,250.0 MB/s,16000.0 IOPS,No,240,8,Yes,Yes,Yes,No,HVM,Yes,0.95,0.655,0.926,0.634,0.896,0.537,1.686,1.391,1.814,1.522,5.538,4.203,7.532,7.24,1.07,0.774,2.72,2.424,6.8,6.504,0,0.21,NA,FALSE,C4,Compute,EBS
G3 Quadruple Extra Large,g3.4xlarge,122,47,16,1,0,2.938,Intel Xeon E5-2686 v4 (Broadwell),2.3 GHz,Yes,Yes,Yes,EBS only,N/A,N/A,64-bit,Up to 10 Gigabit,3500.0 Mbps,437.5 MB/s,20000.0 IOPS,No,240,8,Yes,Yes,Yes,No,HVM,Yes,1.429,1.0101,1.27,0.9081,1.24,0.8111,2.165,1.7461,NA,NA,NA,NA,NA,NA,NA,NA,NA,NA,NA,NA,NA,0.27,NA,FALSE,G3,Accelerated,EBS
R5 Quadruple Extra Large,r5.4xlarge,128,71,16,0,0,4.438,Intel Xeon Platinum 8175,unknown,unknown,unknown,unknown,EBS only,N/A,N/A,64-bit,10 Gigabit,3500.0 Mbps,437.5 MB/s,18750.0 IOPS,Yes,240,8,No,Yes,Yes,No,HVM,Yes,1.184,0.746,1.138,0.765,1.158,0.695,1.92,1.482,2.014,1.641,3.664,3.291,7.744,7.371,1.278,0.905,2.928,2.555,7.008,6.635,NA,0.252,NA,FALSE,R5,Memory,EBS
C5 High-CPU Double Extra Large,c5.2xlarge,16,34,8,0,0,4.25,Intel Xeon Platinum 8124M,3.0 Ghz,Yes,Yes,Yes,EBS only,N/A,N/A,64-bit,Up to 10 Gigabit,3500.0 Mbps,437.5 MB/s,20000.0 IOPS,Yes,60,4,Yes,Yes,Yes,No,HVM,Yes,0.404,0.278,0.47,0.344,0.44,0.247,0.772,0.646,0.843,0.717,1.668,1.542,3.708,3.582,0.475,0.349,1.3,1.174,3.34,3.214,0,0.085,NA,FALSE,C5,Compute,EBS
R5A 12xlarge,r5a.12xlarge,384,0,48,0,0,0,AMD EPYC 7571,2.5 GHz,unknown,unknown,unknown,EBS only,N/A,N/A,64-bit,10 Gigabit,5000.0 Mbps,625.0 MB/s,30000.0 IOPS,Yes,240,8,Yes,Yes,Yes,No,Unknown,Yes,NA,NA,2.842,1.841,2.862,1.771,NA,NA,5.731,4.731,10.68,9.679,22.92,21.919,3.523,2.523,8.472,7.471,20.712,19.711,NA,0.27,NA,FALSE,R5A,Memory,EBS
C4 High-CPU Double Extra Large,c4.2xlarge,15,31,8,0,0,3.875,Intel Xeon E5-2666 v3 (Haswell),2.9 GHz,Yes,Yes,Yes,EBS only,N/A,N/A,64-bit,High,1000.0 Mbps,125.0 MB/s,8000.0 IOPS,No,60,4,Yes,Yes,Yes,No,HVM,Yes,0.476,0.328,0.528,0.382,0.498,0.285,0.844,0.696,1.296,0.761,3.019,2.525,3.766,3.62,0.535,0.387,1.36,1.212,3.4,3.252,0,0.105,NA,FALSE,C4,Compute,EBS
T2 Small,t2.small,2,NA,1,0,0,NA,Intel Xeon Family,Up to 3.3 GHz,Yes,unknown,Yes,EBS only,N/A,N/A,32/64-bit,Low to Moderate,N/A,0 MB/s,0 IOPS,No,12,3,No,Yes,Yes,No,HVM,No,0.026,0.0182,0.083,0.0744,0.053,0.028,0.0352,0.0274,0.1034,0.093,NA,NA,NA,NA,0.0908,0.082,NA,NA,NA,NA,NA,NA,NA,TRUE,T2,General,EBS
G3 Eight Extra Large,g3.8xlarge,244,94,32,2,0,2.938,Intel Xeon E5-2686 v4 (Broadwell),2.3 GHz,Yes,Yes,Yes,EBS only,N/A,N/A,64-bit,10 Gigabit,7000.0 Mbps,875.0 MB/s,40000.0 IOPS,No,240,8,Yes,Yes,Yes,No,HVM,Yes,2.858,2.0202,2.41,1.6861,2.38,1.5891,4.33,3.4922,NA,NA,NA,NA,NA,NA,NA,NA,NA,NA,NA,NA,NA,0.27,NA,FALSE,G3,Accelerated,EBS
R5A 24xlarge,r5a.24xlarge,768,0,96,0,0,0,AMD EPYC 7571,2.5 GHz,unknown,unknown,unknown,EBS only,N/A,N/A,64-bit,20 Gigabit,10000.0 Mbps,1250.0 MB/s,60000.0 IOPS,Yes,750,15,Yes,Yes,Yes,No,Unknown,Yes,NA,NA,5.554,3.553,5.574,3.483,NA,NA,11.462,9.461,21.36,19.359,45.84,43.839,7.046,5.045,16.944,14.943,41.424,39.423,NA,0.27,NA,FALSE,R5A,Memory,EBS
M1 General Purpose Small,m1.small,1.7,1,1,0,0,1,Intel Xeon Family,unknown,unknown,unknown,unknown,160 GiB               HDD               + 900MB swap,No,N/A,32/64-bit,Low,N/A,0 MB/s,0 IOPS,No,8,2,No,No,No,No,PV,Yes,NA,NA,0.104,0.088,0.074,0.052,NA,NA,0.139,0.094,0.629,0.473,NA,NA,NA,NA,NA,NA,NA,NA,NA,0.011,160,FALSE,M1,General,HDD
C5N Large,c5n.large,5.25,0,2,0,0,0,Intel Xeon Platinum 8124M,3.0 Ghz,Yes,Yes,Yes,EBS only,N/A,N/A,64-bit,Up to 25 Gigabit,3500.0 Mbps,437.5 MB/s,20000.0 IOPS,Yes,30,3,Yes,Yes,Yes,No,Unknown,No,NA,NA,0.168,0.128,0.171,0.093,NA,NA,0.268,0.228,0.68,0.64,NA,NA,0.176,0.136,0.588,0.548,NA,NA,NA,NA,NA,FALSE,C5N,Compute,EBS
C5 High-CPU 9xlarge,c5.9xlarge,72,141,36,0,0,3.917,Intel Xeon Platinum 8124M,3.0 Ghz,Yes,Yes,Yes,EBS only,N/A,N/A,64-bit,10 Gigabit,7000.0 Mbps,875.0 MB/s,40000.0 IOPS,Yes,240,8,Yes,Yes,Yes,No,HVM,Yes,1.818,1.25,1.66,1.094,1.63,0.997,3.474,2.906,3.794,3.228,7.506,6.94,16.686,16.12,2.138,1.572,5.85,5.284,15.03,14.464,0,0.27,NA,FALSE,C5,Compute,EBS
Cluster Compute Eight Extra Large,cc2.8xlarge,60.5,88,32,0,0,2.75,Intel Xeon E5-2670,2.6 GHz,unknown,unknown,unknown,3360 GiB               (4 * 840 GiB HDD),No,N/A,64-bit,10 Gigabit,N/A,0 MB/s,0 IOPS,No,240,8,No,No,No,No,HVM,Yes,NA,NA,2.13,NA,2.1,NA,NA,NA,2.775,NA,4.41,NA,NA,NA,NA,NA,NA,NA,NA,NA,NA,0.27,3360,FALSE,Cluster,Compute,HDD
P3 16xlarge,p3.16xlarge,488,188,64,8,0,2.938,Intel Xeon E5-2686 v4 (Broadwell),2.3 GHz,Yes,Yes,Yes,EBS only,N/A,N/A,64-bit,25 Gigabit,14000.0 Mbps,1750.0 MB/s,80000.0 IOPS,No,240,8,Yes,Yes,Yes,No,HVM,Yes,28.712,19.596,24.61,16.838,24.58,16.741,31.656,22.54,NA,NA,NA,NA,NA,NA,NA,NA,NA,NA,NA,NA,NA,0.27,NA,FALSE,P3,Accelerated,EBS
R5 Double Extra Large,r5.2xlarge,64,38,8,0,0,4.75,Intel Xeon Platinum 8175,unknown,unknown,unknown,unknown,EBS only,N/A,N/A,64-bit,10 Gigabit,3500.0 Mbps,437.5 MB/s,18750.0 IOPS,Yes,60,4,No,Yes,Yes,No,HVM,Yes,0.592,0.373,0.634,0.448,0.654,0.378,0.96,0.741,1.007,0.821,1.832,1.646,3.872,3.686,0.639,0.453,1.464,1.278,3.504,3.318,NA,0.126,NA,FALSE,R5,Memory,EBS
H1 16xlarge,h1.16xlarge,256,188,64,0,0,2.938,Intel Xeon E5-2686 v4 (Broadwell),2.3 GHz,Yes,Yes,Yes,16000 GiB               (8 * 2000 GiB HDD),Yes,N/A,64-bit,25 Gigabit,14000.0 Mbps,1750.0 MB/s,80000.0 IOPS,No,750,15,Yes,Yes,Yes,No,HVM,Yes,NA,NA,3.874,2.675,3.844,2.578,NA,NA,7.77,6.57,14.368,13.169,30.688,29.489,4.826,3.626,11.424,10.225,27.744,26.545,NA,0.27,16000,FALSE,H1,Storage,HDD
M5A Quadruple Extra Large,m5a.4xlarge,64,0,16,0,0,0,AMD EPYC 7571,2.5 GHz,unknown,unknown,unknown,EBS only,N/A,N/A,64-bit,Up to 10 Gigabit,2120.0 Mbps,265.0 MB/s,16000.0 IOPS,Yes,240,8,Yes,Yes,Yes,No,Unknown,Yes,NA,NA,0.818,0.568,0.838,0.498,NA,NA,1.694,1.444,3.344,3.094,7.424,7.174,0.958,0.708,2.608,2.358,6.688,6.438,NA,0.172,NA,FALSE,M5A,General,EBS
General Purpose GPU 16xlarge,p2.16xlarge,768,188,64,16,0,2.938,Intel Xeon E5-2686 v4 (Broadwell),2.3 GHz,Yes,Yes,Yes,EBS only,N/A,N/A,64-bit,20 Gigabit,10000.0 Mbps,1250.0 MB/s,65000.0 IOPS,No,240,8,Yes,Yes,Yes,No,HVM,Yes,NA,NA,14.53,9.958,14.5,9.861,NA,NA,NA,NA,NA,NA,NA,NA,NA,NA,NA,NA,NA,NA,NA,0.27,NA,FALSE,P2,Accelerated,EBS
C1 High-CPU Medium,c1.medium,1.7,5,2,0,0,2.5,Intel Xeon Family,unknown,unknown,unknown,unknown,350 GiB               HDD               + 900MB swap,No,N/A,32/64-bit,Moderate,N/A,0 MB/s,0 IOPS,No,12,2,No,No,No,No,PV,Yes,NA,NA,0.19,0.151,0.23,0.127,NA,NA,0.31,0.215,NA,NA,NA,NA,NA,NA,NA,NA,NA,NA,NA,0.03,350,FALSE,C1,Compute,HDD
R4 High-Memory Large,r4.large,15.25,7,2,0,0,3.5,Intel Xeon E5-2686 v4 (Broadwell),2.3 GHz,Yes,Yes,Yes,EBS only,N/A,N/A,64-bit,Up to 10 Gigabit,425.0 Mbps,53.13 MB/s,3000.0 IOPS,No,30,3,Yes,Yes,Yes,No,HVM,No,0.156,0.0987,0.193,0.144,0.233,0.117,0.248,0.1907,0.296,0.247,0.705,0.656,NA,NA,0.2006,0.1516,0.613,0.564,NA,NA,NA,NA,NA,FALSE,R4,Memory,EBS
T3A Small,t3a.small,2,NA,2,0,0,NA,AMD EPYC 7571,2.5 GHz,unknown,unknown,unknown,EBS only,N/A,N/A,64-bit,Low to Moderate,1536.0 Mbps,192.0 MB/s,11800.0 IOPS,Yes,8,2,Yes,Yes,Yes,No,Unknown,No,NA,NA,0.0788,0.0718,0.0498,0.0248,NA,NA,0.1048,0.0978,NA,NA,NA,NA,0.0864,0.0794,NA,NA,NA,NA,NA,NA,NA,TRUE,T3A,General,EBS
T1 Micro,t1.micro,0.613,NA,1,0,0,NA,Variable,unknown,unknown,unknown,unknown,EBS only,N/A,N/A,32/64-bit,Very Low,N/A,0 MB/s,0 IOPS,No,4,2,No,No,No,No,PV,No,NA,NA,0.08,0.074,0.03,0.022,NA,NA,0.07,0.047,NA,NA,NA,NA,NA,NA,NA,NA,NA,NA,NA,NA,NA,TRUE,T1,General,EBS
M1 General Purpose Large,m1.large,7.5,4,2,0,0,2,Intel Xeon Family,unknown,unknown,unknown,unknown,840 GiB               (2 * 420 GiB HDD),No,N/A,64-bit,Moderate,N/A,0 MB/s,0 IOPS,No,30,3,No,No,No,No,PV,Yes,NA,NA,0.235,0.172,0.275,0.148,NA,NA,0.435,0.284,0.955,0.665,NA,NA,NA,NA,NA,NA,NA,NA,NA,0.044,840,FALSE,M1,General,HDD
T3A Large,t3a.large,8,NA,2,0,0,NA,AMD EPYC 7571,2.5 GHz,unknown,unknown,unknown,EBS only,N/A,N/A,64-bit,Low to Moderate,2048.0 Mbps,256.0 MB/s,15700.0 IOPS,Yes,36,3,Yes,Yes,Yes,No,Unknown,No,NA,NA,0.1352,0.1071,0.1382,0.0721,NA,NA,0.1704,0.1423,NA,NA,NA,NA,0.1428,0.1147,NA,NA,NA,NA,NA,NA,NA,TRUE,T3A,General,EBS
High Storage Eight Extra Large,hs1.8xlarge,117,35,17,0,0,2.059,Intel Xeon E5-2650,2 GHz,unknown,unknown,unknown,48000 GiB               (24 * 2000 GiB HDD),No,N/A,64-bit,10 Gigabit,N/A,0 MB/s,0 IOPS,No,240,8,No,No,No,No,"HVM, PV",Yes,NA,NA,4.73,NA,4.7,NA,NA,NA,5.144,NA,8.35,NA,NA,NA,NA,NA,NA,NA,NA,NA,NA,0.27,48000,FALSE,hs1,Storage,HDD
T2 Double Extra Large,t2.2xlarge,32,NA,8,0,0,NA,Intel Xeon Family,Up to 3.0 GHz,Yes,unknown,Yes,EBS only,N/A,N/A,64-bit,Moderate,N/A,0 MB/s,0 IOPS,No,45,3,No,Yes,Yes,No,HVM,No,0.4224,0.2907,0.5012,0.36,0.4712,0.263,0.4844,0.3527,0.5742,0.433,NA,NA,3.4332,3.292,0.5064,0.3652,NA,NA,3.3712,3.23,NA,NA,NA,TRUE,T2,General,EBS
G3 16xlarge,g3.16xlarge,488,188,64,4,0,2.938,Intel Xeon E5-2686 v4 (Broadwell),2.3 GHz,Yes,Yes,Yes,EBS only,N/A,N/A,64-bit,20 Gigabit,14000.0 Mbps,1750.0 MB/s,80000.0 IOPS,No,750,15,Yes,Yes,Yes,No,HVM,Yes,5.716,4.0404,4.69,3.2422,4.66,3.1452,8.66,6.9844,NA,NA,NA,NA,NA,NA,NA,NA,NA,NA,NA,NA,NA,0.27,NA,FALSE,G3,Accelerated,EBS
M5 General Purpose Double Extra Large,m5.2xlarge,32,31,8,0,0,3.875,Intel Xeon Platinum 8175,2.5 GHz,Yes,Yes,Yes,EBS only,N/A,N/A,64-bit,Up to 10 Gigabit,3500.0 Mbps,437.5 MB/s,18750.0 IOPS,Yes,60,4,Yes,Yes,Yes,No,HVM,Yes,0.444,0.311,0.514,0.375,0.484,0.278,0.812,0.679,0.887,0.749,1.712,1.573,3.752,3.613,0.519,0.381,1.344,1.205,3.384,3.245,NA,0.096,NA,FALSE,M5,General,EBS
I3EN Metal,i3en.metal,768,0,96,0,0,0,Intel Xeon Platinum 8175,3.1 GHz,unknown,unknown,unknown,EBS only,N/A,N/A,64-bit,100 Gigabit,N/A,0 MB/s,0 IOPS,Yes,N/A,N/A,Yes,Yes,Yes,No,Unknown,No,NA,NA,10.978,NA,10.998,NA,NA,NA,16.886,NA,26.784,NA,51.264,NA,12.47,NA,22.368,NA,46.848,NA,NA,NA,NA,FALSE,I3EN,Storage,EBS
M5 General Purpose Large,m5.large,8,8,2,0,0,4,Intel Xeon Platinum 8175,2.5 GHz,Yes,Yes,Yes,EBS only,N/A,N/A,64-bit,Up to 10 Gigabit,3500.0 Mbps,437.5 MB/s,18750.0 IOPS,Yes,30,3,Yes,Yes,Yes,No,HVM,No,0.111,0.078,0.156,0.121,0.196,0.094,0.203,0.17,0.256,0.221,0.668,0.633,NA,NA,0.164,0.129,0.576,0.541,NA,NA,NA,NA,NA,FALSE,M5,General,EBS
C5N Extra Large,c5n.xlarge,10.5,0,4,0,0,0,Intel Xeon Platinum 8124M,3.0 Ghz,Yes,Yes,Yes,EBS only,N/A,N/A,64-bit,Up to 25 Gigabit,3500.0 Mbps,437.5 MB/s,20000.0 IOPS,Yes,60,4,Yes,Yes,Yes,No,Unknown,Yes,NA,NA,0.276,0.196,0.341,0.186,NA,NA,0.468,0.388,0.88,0.8,1.9,1.82,0.284,0.204,0.696,0.616,1.716,1.636,NA,0.054,NA,FALSE,C5N,Compute,EBS
T2 Micro,t2.micro,1,NA,1,0,0,NA,Intel Xeon Family,Up to 3.3 GHz,Yes,unknown,Yes,EBS only,N/A,N/A,32/64-bit,Low to Moderate,N/A,0 MB/s,0 IOPS,No,4,2,No,Yes,Yes,No,HVM,No,0.0132,0.0091,0.0716,0.0672,0.0216,0.0162,0.0178,0.0137,0.068,0.047,NA,NA,NA,NA,0.0792,0.0748,NA,NA,NA,NA,NA,NA,NA,TRUE,T2,General,EBS
M5 General Purpose Quadruple Extra Large,m5.4xlarge,64,60,16,0,0,3.75,Intel Xeon Platinum 8175,2.5 GHz,Yes,Yes,Yes,EBS only,N/A,N/A,64-bit,Up to 10 Gigabit,3500.0 Mbps,437.5 MB/s,18750.0 IOPS,Yes,240,8,Yes,Yes,Yes,No,HVM,Yes,0.888,0.622,0.898,0.621,0.868,0.524,1.624,1.358,1.774,1.497,3.424,3.147,7.504,7.227,1.038,0.761,2.688,2.411,6.768,6.491,NA,0.192,NA,FALSE,M5,General,EBS
R5A Double Extra Large,r5a.2xlarge,64,0,8,0,0,0,AMD EPYC 7571,2.5 GHz,unknown,unknown,unknown,EBS only,N/A,N/A,64-bit,10 Gigabit,2120.0 Mbps,265.0 MB/s,16000.0 IOPS,Yes,60,4,Yes,Yes,Yes,No,Unknown,Yes,NA,NA,0.582,0.415,0.602,0.345,NA,NA,0.955,0.788,1.78,1.613,3.82,3.653,0.587,0.42,1.412,1.245,3.452,3.285,NA,0.113,NA,FALSE,R5A,Memory,EBS
General Purpose GPU Extra Large,p2.xlarge,61,12,4,1,0,3,Intel Xeon E5-2686 v4 (Broadwell),2.3 GHz,Yes,Yes,Yes,EBS only,N/A,N/A,64-bit,High,750.0 Mbps,93.75 MB/s,6000.0 IOPS,No,60,4,Yes,Yes,Yes,No,HVM,Yes,NA,NA,0.96,0.674,NA,0.647,NA,NA,NA,NA,NA,NA,NA,NA,NA,NA,NA,NA,NA,NA,NA,0.225,NA,FALSE,P2,Accelerated,EBS
C5 High-CPU 24xlarge,c5.24xlarge,192,375,96,0,0,3.906,Intel Xeon Platinum 8275L,3.0 Ghz,Yes,Yes,Yes,EBS only,N/A,N/A,64-bit,25 Gigabit,14000.0 Mbps,1750.0 MB/s,80000.0 IOPS,Yes,750,15,Yes,Yes,Yes,No,HVM,No,4.848,3.334,4.21,2.7,4.18,2.603,9.264,7.75,10.118,8.609,20.016,18.506,44.496,42.986,5.702,4.193,15.6,14.09,40.08,38.57,NA,NA,NA,FALSE,C5,Compute,EBS
A1 Quadruple Extra Large,a1.4xlarge,32,0,16,0,0,0,AWS Graviton Processor,2.3 GHz,unknown,unknown,unknown,EBS only,N/A,N/A,64-bit,Up to 10 Gigabit,3500.0 Mbps,437.5 MB/s,20000.0 IOPS,Yes,240,8,Yes,Yes,Yes,No,Unknown,No,NA,NA,0.538,0.387,0.558,0.317,NA,NA,NA,NA,NA,NA,NA,NA,NA,NA,NA,NA,NA,NA,NA,NA,NA,FALSE,A1,General,EBS
C5N Quadruple Extra Large,c5n.4xlarge,42,0,16,0,0,0,Intel Xeon Platinum 8124M,3.0 Ghz,Yes,Yes,Yes,EBS only,N/A,N/A,64-bit,Up to 25 Gigabit,3500.0 Mbps,437.5 MB/s,20000.0 IOPS,Yes,240,8,Yes,Yes,Yes,No,Unknown,Yes,NA,NA,0.994,0.674,1.014,0.604,NA,NA,1.87,1.551,3.52,3.2,7.6,7.28,1.134,0.815,2.784,2.464,6.864,6.544,NA,0.216,NA,FALSE,C5N,Compute,EBS
T3A Nano,t3a.nano,0.5,NA,2,0,0,NA,AMD EPYC 7571,2.5 GHz,unknown,unknown,unknown,EBS only,N/A,N/A,64-bit,Low,1536.0 Mbps,192.0 MB/s,11800.0 IOPS,Yes,4,2,Yes,Yes,Yes,No,Unknown,No,NA,NA,NA,NA,0.0047,0.0069,NA,NA,NA,NA,NA,NA,NA,NA,NA,NA,NA,NA,NA,NA,NA,NA,NA,TRUE,T3A,General,EBS
C5 High-CPU Metal,c5.metal,192,375,96,0,0,3.906,Intel Xeon Platinum 8275L,3.0 Ghz,Yes,Yes,Yes,EBS only,N/A,N/A,64-bit,25 Gigabit,14000.0 Mbps,1750.0 MB/s,80000.0 IOPS,Yes,750,15,Yes,Yes,Yes,No,HVM,No,4.848,3.334,4.21,2.7,4.18,2.603,9.264,7.75,10.118,8.609,20.016,18.506,44.496,42.986,5.702,4.193,15.6,14.09,40.08,38.57,NA,NA,NA,FALSE,C5,Compute,EBS
M5A Large,m5a.large,8,0,2,0,0,0,AMD EPYC 7571,2.5 GHz,unknown,unknown,unknown,EBS only,N/A,N/A,64-bit,Up to 10 Gigabit,2120.0 Mbps,265.0 MB/s,16000.0 IOPS,Yes,30,3,Yes,Yes,Yes,No,Unknown,No,NA,NA,0.146,0.115,0.149,0.08,NA,NA,0.246,0.214,0.658,0.627,NA,NA,0.154,0.122,0.566,0.535,NA,NA,NA,NA,NA,FALSE,M5A,General,EBS
M4 General Purpose Deca Extra Large,m4.10xlarge,160,124.5,40,0,0,3.112,Intel Xeon E5-2676 v3 (Haswell),2.4 GHz,Yes,Yes,Yes,EBS only,N/A,N/A,64-bit,10 Gigabit,4000.0 Mbps,500.0 MB/s,32000.0 IOPS,No,240,8,Yes,Yes,Yes,No,HVM,Yes,2.32,1.575,2.13,1.369,2.1,1.272,4.16,3.415,4.582,3.449,8.64,7.879,18.84,18.079,2.676,1.915,6.8,6.039,NA,16.239,0,0.27,NA,FALSE,M4,General,EBS
H1 Double Extra Large,h1.2xlarge,32,26,8,0,0,3.25,Intel Xeon E5-2686 v4 (Broadwell),2.3 GHz,Yes,Yes,Yes,2000 GiB               HDD,Yes,N/A,64-bit,Up to 10 Gigabit,1750.0 Mbps,218.75 MB/s,12000.0 IOPS,No,60,4,Yes,Yes,Yes,No,HVM,Yes,NA,NA,0.598,0.448,0.568,0.351,NA,NA,0.971,0.821,1.796,1.646,3.836,3.686,0.603,0.453,1.428,1.278,3.468,3.318,NA,0.117,2000,FALSE,H1,Storage,HDD
P3 Double Extra Large,p3.2xlarge,61,26,8,1,0,3.25,Intel Xeon E5-2686 v4 (Broadwell),2.3 GHz,Yes,Yes,Yes,EBS only,N/A,N/A,64-bit,Up to 10 Gigabit,1750.0 Mbps,218.0 MB/s,10000.0 IOPS,No,60,4,Yes,Yes,Yes,No,HVM,Yes,3.589,2.449,3.19,2.218,3.16,2.121,3.957,2.817,NA,NA,NA,NA,NA,NA,NA,NA,NA,NA,NA,NA,NA,0.27,NA,FALSE,P3,Accelerated,EBS
T3 Nano,t3.nano,0.5,NA,2,0,0,NA,Intel Skylake E5 2686 v5 (2.5 GHz),unknown,unknown,unknown,unknown,EBS only,N/A,N/A,64-bit,Low,1536.0 Mbps,192.0 MB/s,11800.0 IOPS,Yes,4,2,No,Yes,Yes,No,Unknown,No,0.0059,0.0042,NA,NA,0.0052,0.0073,0.0105,0.0088,NA,NA,NA,NA,NA,NA,NA,NA,NA,NA,NA,NA,NA,NA,NA,TRUE,T3,General,EBS
M3 General Purpose Large,m3.large,7.5,6.5,2,0,0,3.25,Intel Xeon E5-2670 v2 (Ivy Bridge/Sandy Bridge),2.5 GHz,Yes,unknown,Yes,32 GiB               SSD,No,No,64-bit,Moderate,N/A,0 MB/s,0 IOPS,No,30,3,No,No,No,No,"HVM, PV",No,NA,NA,0.193,0.155,0.233,0.128,NA,NA,0.367,0.239,0.704,0.442,NA,NA,0.202,0.154,0.614,0.566,NA,NA,NA,NA,32,FALSE,M3,General,SSD
X1E 16xlarge,x1e.16xlarge,1952,179,64,0,0,2.797,High Frequency Intel Xeon E7-8880 v3 (Haswell),2.3 GHz,Yes,Yes,Yes,1920 GiB               SSD,Yes,No,64-bit,10 Gigabit,7000.0 Mbps,875.0 MB/s,40000.0 IOPS,No,240,8,Yes,Yes,Yes,No,HVM,No,NA,NA,13.474,8.353,13.444,8.256,NA,NA,17.37,12.249,23.968,18.847,40.288,35.167,14.426,9.305,21.024,15.903,37.344,32.223,NA,NA,1920,FALSE,X1E,Memory,SSD
High Memory Cluster Eight Extra Large,cr1.8xlarge,244,88,32,0,0,2.75,Intel Xeon E5-2670,unknown,unknown,unknown,unknown,240 GiB               (2 * 120 GiB SSD),No,No,64-bit,10 Gigabit,N/A,0 MB/s,0 IOPS,No,240,8,No,No,No,No,Unknown,Yes,NA,NA,3.63,NA,3.6,NA,NA,NA,4.044,NA,7.25,NA,NA,NA,NA,NA,NA,NA,NA,NA,NA,0.27,240,FALSE,cr1,Memory,SSD
X1E 32xlarge,x1e.32xlarge,3904,340,128,0,0,2.656,High Frequency Intel Xeon E7-8880 v3 (Haswell),2.3 GHz,Yes,Yes,Yes,3840 GiB               (2 * 1920 GiB SSD),Yes,No,64-bit,25 Gigabit,14000.0 Mbps,1750.0 MB/s,80000.0 IOPS,No,240,8,Yes,Yes,Yes,No,HVM,No,NA,NA,26.818,16.576,26.788,16.479,NA,NA,34.74,24.498,47.936,37.694,80.576,70.334,28.851,18.609,42.048,31.806,74.688,64.446,NA,NA,3840,FALSE,X1E,Memory,SSD
M3 General Purpose Medium,m3.medium,3.75,3,1,0,0,3,Intel Xeon E5-2670 v2 (Ivy Bridge/Sandy Bridge),2.5 GHz,Yes,unknown,Yes,4 GiB               SSD,No,No,64-bit,Moderate,N/A,0 MB/s,0 IOPS,No,12,2,No,No,No,No,"HVM, PV",No,NA,NA,0.127,0.108,0.167,0.081,NA,NA,0.184,0.127,0.353,0.221,NA,NA,0.135,0.111,0.547,0.523,NA,NA,NA,NA,4,FALSE,M3,General,SSD
X1E Double Extra Large,x1e.2xlarge,244,23,8,0,0,2.875,High Frequency Intel Xeon E7-8880 v3 (Haswell),2.3 GHz,Yes,Yes,unknown,240 GiB               SSD,Yes,No,64-bit,Up to 10 Gigabit,1000.0 Mbps,125.0 MB/s,7400.0 IOPS,No,60,4,Yes,Yes,Yes,No,HVM,No,NA,NA,1.798,1.158,1.768,1.061,NA,NA,2.171,1.531,2.996,2.356,5.036,4.396,1.803,1.163,2.628,1.988,4.668,4.028,NA,NA,240,FALSE,X1E,Memory,SSD
C3 High-CPU Quadruple Extra Large,c3.4xlarge,30,55,16,0,0,3.438,Intel Xeon E5-2680 v2 (Ivy Bridge),2.8 GHz,Yes,unknown,Yes,320 GiB               (2 * 160 GiB SSD),No,No,64-bit,High,N/A,0 MB/s,0 IOPS,No,240,8,Yes,No,Yes,No,"HVM, PV",Yes,NA,NA,0.97,0.714,0.94,0.62,NA,NA,2.166,1.54,4.262,3.084,7.576,7.329,1.11,0.801,2.76,2.451,6.84,6.531,NA,0.21,320,FALSE,C3,Compute,SSD
M3 General Purpose Extra Large,m3.xlarge,15,13,4,0,0,3.25,Intel Xeon E5-2670 v2 (Ivy Bridge/Sandy Bridge),2.5 GHz,Yes,unknown,Yes,80 GiB               (2 * 40 GiB SSD),No,No,64-bit,High,N/A,0 MB/s,0 IOPS,No,60,4,No,No,No,No,"HVM, PV",Yes,NA,NA,0.326,0.25,0.366,0.223,NA,NA,0.734,0.479,1.266,0.882,1.95,1.878,0.336,0.24,0.748,0.653,1.768,1.673,NA,0.07,80,FALSE,M3,General,SSD
G2 Eight Extra Large,g2.8xlarge,60,104,32,4,0,3.25,Intel Xeon E5-2670 (Sandy Bridge),2.6 GHz,Yes,unknown,Yes,240 GiB               (2 * 120 GiB SSD),No,No,64-bit,10 Gigabit,N/A,0 MB/s,0 IOPS,No,240,8,No,No,No,No,Unknown,No,NA,NA,2.73,2.026,2.7,1.933,NA,NA,NA,NA,NA,NA,16.072,15.369,NA,NA,NA,NA,14.6,13.702,NA,NA,240,FALSE,G2,Accelerated,SSD
X1E Extra Large,x1e.xlarge,122,12,4,0,0,3,High Frequency Intel Xeon E7-8880 v3 (Haswell),2.3 GHz,Yes,Yes,unknown,120 GiB               SSD,Yes,No,64-bit,Up to 10 Gigabit,500.0 Mbps,62.5 MB/s,3700.0 IOPS,No,30,3,Yes,Yes,Yes,No,HVM,No,NA,NA,0.894,0.574,0.934,0.547,NA,NA,1.086,0.766,1.498,1.178,2.518,2.198,0.902,0.582,1.314,0.994,2.334,2.014,NA,NA,120,FALSE,X1E,Memory,SSD
X1 Extra High-Memory 16xlarge,x1.16xlarge,976,174.5,64,0,0,2.727,High Frequency Intel Xeon E7-8880 v3 (Haswell),2.3 GHz,unknown,unknown,unknown,1920 GiB               SSD,Yes,No,64-bit,High,7000.0 Mbps,875.0 MB/s,40000.0 IOPS,No,240,8,Yes,Yes,Yes,No,HVM,No,8.403,5.179,6.799,4.24,6.769,4.143,11.347,8.123,10.94,8.136,17.293,14.734,33.613,31.054,7.751,5.191,14.349,11.79,30.669,28.11,NA,NA,1920,FALSE,X1,Memory,SSD
C3 High-CPU Large,c3.large,3.75,7,2,0,0,3.5,Intel Xeon E5-2680 v2 (Ivy Bridge),2.8 GHz,Yes,unknown,Yes,32 GiB               (2 * 16 GiB SSD),No,No,32/64-bit,Moderate,N/A,0 MB/s,0 IOPS,No,30,3,Yes,No,Yes,No,"HVM, PV",No,NA,NA,0.165,0.133,0.205,0.109,NA,NA,0.271,0.192,0.561,0.406,NA,NA,0.173,0.134,0.585,0.546,NA,NA,NA,NA,32,FALSE,C3,Compute,SSD
C3 High-CPU Eight Extra Large,c3.8xlarge,60,108,32,0,0,3.375,Intel Xeon E5-2680 v2 (Ivy Bridge),2.8 GHz,Yes,unknown,Yes,640 GiB               (2 * 320 GiB SSD),No,No,64-bit,10 Gigabit,N/A,0 MB/s,0 IOPS,No,240,8,Yes,No,Yes,No,"HVM, PV",Yes,NA,NA,1.81,1.298,1.78,1.204,NA,NA,4.332,3.081,8.523,6.17,15.152,14.657,2.288,1.67,NA,5.382,15.18,14.562,NA,0.27,640,FALSE,C3,Compute,SSD
M3 General Purpose Double Extra Large,m3.2xlarge,30,26,8,0,0,3.25,Intel Xeon E5-2670 v2 (Ivy Bridge/Sandy Bridge),2.5 GHz,Yes,unknown,Yes,160 GiB               (2 * 80 GiB SSD),No,No,64-bit,High,N/A,0 MB/s,0 IOPS,No,120,4,No,No,No,No,"HVM, PV",Yes,NA,NA,0.662,0.51,0.632,0.413,NA,NA,1.468,0.957,2.532,1.661,3.9,3.756,0.671,0.48,1.496,1.305,3.536,3.345,NA,0.14,160,FALSE,M3,General,SSD
X1E Quadruple Extra Large,x1e.4xlarge,488,47,16,0,0,2.938,High Frequency Intel Xeon E7-8880 v3 (Haswell),2.3 GHz,Yes,Yes,unknown,480 GiB               SSD,Yes,No,64-bit,Up to 10 Gigabit,1750.0 Mbps,218.75 MB/s,10000.0 IOPS,No,60,4,Yes,Yes,Yes,No,HVM,No,NA,NA,3.466,2.186,3.436,2.089,NA,NA,4.342,3.062,5.992,4.712,10.072,8.792,3.606,2.326,5.256,3.976,9.336,8.056,NA,NA,480,FALSE,X1E,Memory,SSD
X1E Eight Extra Large,x1e.8xlarge,976,91,32,0,0,2.844,High Frequency Intel Xeon E7-8880 v3 (Haswell),2.3 GHz,Yes,Yes,Yes,960 GiB               SSD,Yes,No,64-bit,Up to 10 Gigabit,3500.0 Mbps,437.5 MB/s,20000.0 IOPS,No,60,4,Yes,Yes,Yes,No,HVM,No,NA,NA,6.802,4.242,6.772,4.145,NA,NA,8.685,6.124,11.984,9.424,20.144,17.584,7.213,4.652,10.512,7.952,18.672,16.112,NA,NA,960,FALSE,X1E,Memory,SSD
X1 Extra High-Memory 32xlarge,x1.32xlarge,1952,349,128,0,0,2.727,High Frequency Intel Xeon E7-8880 v3 (Haswell),2.3 GHz,unknown,unknown,unknown,3840 GiB               (2 * 1920 GiB SSD),Yes,No,64-bit,High,14000.0 Mbps,1750.0 MB/s,80000.0 IOPS,No,240,8,Yes,Yes,Yes,No,HVM,No,16.806,10.357,13.468,8.349,13.438,8.252,22.694,16.245,21.88,16.271,34.586,29.467,67.226,62.107,15.501,10.383,28.698,23.579,61.338,56.219,NA,NA,3840,FALSE,X1,Memory,SSD
G2 Double Extra Large,g2.2xlarge,15,26,8,1,0,3.25,Intel Xeon E5-2670 (Sandy Bridge),2.6 GHz,Yes,unknown,Yes,60 GiB               SSD,No,No,64-bit,High,N/A,0 MB/s,0 IOPS,No,60,4,No,No,No,No,Unknown,Yes,NA,NA,0.78,0.604,0.75,0.51,NA,NA,0.957,0.775,3.816,3.754,NA,NA,0.785,0.561,1.61,1.385,NA,NA,NA,0.2,60,FALSE,G2,Accelerated,SSD
C3 High-CPU Double Extra Large,c3.2xlarge,15,28,8,0,0,3.5,Intel Xeon E5-2680 v2 (Ivy Bridge),2.8 GHz,Yes,unknown,Yes,160 GiB               (2 * 80 GiB SSD),No,No,64-bit,High,N/A,0 MB/s,0 IOPS,No,60,4,Yes,No,Yes,No,"HVM, PV",Yes,NA,NA,0.55,0.422,0.52,0.328,NA,NA,1.083,0.771,2.131,1.542,3.788,3.664,0.555,0.401,1.38,1.225,3.42,3.265,NA,0.105,160,FALSE,C3,Compute,SSD
C3 High-CPU Extra Large,c3.xlarge,7.5,14,4,0,0,3.5,Intel Xeon E5-2680 v2 (Ivy Bridge),2.8 GHz,Yes,unknown,Yes,80 GiB               (2 * 40 GiB SSD),No,No,64-bit,Moderate,N/A,0 MB/s,0 IOPS,No,60,4,Yes,No,Yes,No,"HVM, PV",Yes,NA,NA,0.27,0.206,0.31,0.182,NA,NA,0.542,0.386,1.066,0.771,1.894,1.833,0.278,0.2,0.69,0.613,1.71,1.633,NA,0.053,80,FALSE,C3,Compute,SSD
R5AD 24xlarge,r5ad.24xlarge,768,0,96,0,0,0,AMD EPYC 7571,2.5 GHz,unknown,unknown,unknown,3600 GiB               (4 * 900 GiB NVMe SSD),Yes,Yes,64-bit,20 Gigabit,10000.0 Mbps,1250.0 MB/s,60000.0 IOPS,Yes,750,15,Yes,Yes,Yes,No,Unknown,No,NA,NA,6.418,4.111,6.438,4.041,NA,NA,12.326,10.02,22.224,19.917,46.704,44.397,7.91,5.604,17.808,15.501,42.288,39.981,NA,NA,3600,FALSE,R5AD,Memory,SSD
R5D Extra Large,r5d.xlarge,32,19,4,0,0,4.75,Intel Xeon Platinum 8175,unknown,unknown,unknown,unknown,150 GiB               NVMe SSD,Yes,Yes,64-bit,10 Gigabit,3500.0 Mbps,437.5 MB/s,18750.0 IOPS,Yes,60,4,No,Yes,Yes,No,HVM,Yes,0.338,0.215,0.348,0.242,0.413,0.232,0.522,0.399,0.54,0.433,0.952,0.846,1.972,1.866,0.356,0.249,0.768,0.662,1.788,1.682,NA,0.072,150,FALSE,R5D,Memory,SSD
M5 General Purpose Quadruple Extra Large,m5d.4xlarge,64,60,16,0,0,3.75,Intel Xeon Platinum 8175,2.5 GHz,Yes,Yes,Yes,600 GiB               (2 * 300 GiB NVMe SSD),Yes,Yes,64-bit,Up to 10 Gigabit,3500.0 Mbps,437.5 MB/s,18750.0 IOPS,Yes,240,8,Yes,Yes,Yes,No,HVM,Yes,1.048,0.733,1.034,0.706,1.004,0.609,1.784,1.469,1.91,1.582,3.56,3.232,7.64,7.312,1.174,0.846,2.824,2.496,6.904,6.576,NA,0.226,600,FALSE,M5,General,SSD
M5AD Extra Large,m5ad.xlarge,16,0,4,0,0,0,AMD EPYC 7571,2.5 GHz,unknown,unknown,unknown,150 GiB               NVMe SSD,Yes,Yes,64-bit,Up to 10 Gigabit,2120.0 Mbps,265.0 MB/s,16000.0 IOPS,Yes,60,4,Yes,Yes,Yes,No,Unknown,No,NA,NA,0.266,0.192,0.331,0.182,NA,NA,0.458,0.383,0.87,0.796,1.89,1.816,0.274,0.199,0.686,0.612,1.706,1.632,NA,NA,150,FALSE,M5AD,General,SSD
Z1D Extra Large,z1d.xlarge,32,28,4,0,0,7,Intel Xeon Platinum 8151,unknown,unknown,unknown,unknown,150 GiB               NVMe SSD,Yes,Yes,64-bit,Up to 10 Gigabit,2333.0 Mbps,291.0 MB/s,13333.0 IOPS,Yes,60,4,No,Yes,Yes,No,HVM,Yes,0.439,0.281,0.432,0.295,0.497,0.285,0.623,0.465,0.624,0.487,1.036,0.899,2.056,1.919,0.44,0.303,0.852,0.715,1.872,1.735,NA,0.093,150,FALSE,Z1D,Memory,SSD
R3 High-Memory Quadruple Extra Large,r3.4xlarge,122,52,16,0,0,3.25,Intel Xeon E5-2670 v2 (Ivy Bridge),2.5 GHz,Yes,unknown,Yes,320 GiB               SSD,Yes,Yes,64-bit,High,N/A,0 MB/s,0 IOPS,No,240,8,Yes,No,Yes,No,HVM,Yes,NA,NA,1.46,0.966,1.43,0.869,NA,NA,2.295,1.617,4.585,4.041,8.066,7.579,1.598,1.024,3.248,2.673,7.328,6.753,NA,0.27,320,FALSE,R3,Memory,SSD
I3EN 6xlarge,i3en.6xlarge,192,0,24,0,0,0,Intel Xeon Platinum 8175,3.1 GHz,unknown,unknown,unknown,15000 GiB               (2 * 7500 GiB NVMe SSD),Yes,Yes,64-bit,25 Gigabit,3500.0 Mbps,437.5 MB/s,20000.0 IOPS,Yes,240,8,Yes,Yes,Yes,No,Unknown,No,NA,NA,2.842,1.977,2.862,1.907,NA,NA,4.222,3.357,6.696,5.831,12.816,11.951,3.118,2.253,5.592,4.727,11.712,10.847,NA,NA,15000,FALSE,I3EN,Storage,SSD
R5AD Large,r5ad.large,16,0,2,0,0,0,AMD EPYC 7571,2.5 GHz,unknown,unknown,unknown,75 GiB               NVMe SSD,Yes,Yes,64-bit,10 Gigabit,2210.0 Mbps,265.0 MB/s,16000.0 IOPS,Yes,30,3,Yes,Yes,Yes,No,Unknown,No,NA,NA,0.191,0.143,0.194,0.108,NA,NA,0.291,0.243,0.703,0.655,NA,NA,0.199,0.151,0.611,0.563,NA,NA,NA,NA,75,FALSE,R5AD,Memory,SSD
I2 Extra Large,i2.xlarge,30.5,14,4,0,0,3.5,Intel Xeon E5-2670 v2 (Ivy Bridge),2.5 GHz,Yes,unknown,Yes,800 GiB               SSD,Yes,Yes,64-bit,Moderate,N/A,0 MB/s,0 IOPS,No,60,4,Yes,No,Yes,No,HVM,Yes,NA,NA,0.913,0.484,0.953,0.46,NA,NA,0.993,0.578,1.23,0.768,2.537,2.108,0.921,0.449,1.333,0.861,2.353,1.881,NA,0.213,800,FALSE,I2,Storage,SSD
R3 High-Memory Extra Large,r3.xlarge,30.5,13,4,0,0,3.25,Intel Xeon E5-2670 v2 (Ivy Bridge),2.5 GHz,Yes,unknown,Yes,80 GiB               SSD,Yes,Yes,64-bit,Moderate,N/A,0 MB/s,0 IOPS,No,60,4,Yes,No,Yes,No,HVM,Yes,NA,NA,0.393,0.269,0.433,0.242,NA,NA,0.738,0.519,1.378,1.213,2.017,1.895,0.4,0.256,0.812,0.668,1.832,1.688,NA,0.09,80,FALSE,R3,Memory,SSD
F1 Quadruple Extra Large,f1.4xlarge,244,52,16,0,0,3.25,Intel Xeon E5-2686 v4 (Broadwell),unknown,unknown,unknown,unknown,940 GiB               NVMe SSD,Yes,Yes,64-bit,10 Gigabit,3500.0 Mbps,400.0 MB/s,44000.0 IOPS,No,240,8,No,Yes,Yes,No,HVM,No,NA,NA,3.43,2.361,3.4,2.264,NA,NA,NA,NA,NA,NA,NA,NA,NA,NA,NA,NA,NA,NA,NA,NA,940,FALSE,F1,Accelerated,SSD
Z1D 6xlarge,z1d.6xlarge,192,134,24,0,0,5.583,Intel Xeon Platinum 8151,unknown,unknown,unknown,unknown,900 GiB               NVMe SSD,Yes,Yes,64-bit,10 Gigabit,7000.0 Mbps,875.0 MB/s,40000.0 IOPS,Yes,240,8,No,Yes,Yes,No,HVM,Yes,2.636,1.683,2.362,1.541,2.382,1.471,3.74,2.787,3.742,2.92,6.216,5.395,12.336,11.515,2.638,1.816,5.112,4.291,11.232,10.411,NA,0.27,900,FALSE,Z1D,Memory,SSD
I3 High I/O Quadruple Extra Large,i3.4xlarge,122,53,16,0,0,3.312,Intel Xeon E5-2686 v4 (Broadwell),2.3 GHz,Yes,Yes,Yes,3800 GiB               (2 * 1900 GiB NVMe SSD),Yes,Yes,64-bit,Up to 10 Gigabit,3500.0 Mbps,437.5 MB/s,16000.0 IOPS,No,240,8,Yes,Yes,Yes,No,HVM,Yes,1.448,0.991,1.378,0.987,1.348,0.89,2.184,1.727,2.266,1.875,3.904,3.513,7.984,7.593,1.518,1.127,3.168,2.777,7.248,6.857,NA,0.27,3800,FALSE,I3,Storage,SSD
I3EN Large,i3en.large,16,0,2,0,0,0,Intel Xeon Platinum 8175,3.1 GHz,unknown,unknown,unknown,1250 GiB               NVMe SSD,Yes,Yes,64-bit,Up to 25 Gigabit,3500.0 Mbps,437.5 MB/s,20000.0 IOPS,Yes,30,3,Yes,Yes,Yes,No,Unknown,No,NA,NA,0.286,0.214,0.289,0.179,NA,NA,0.386,0.314,0.798,0.726,NA,NA,0.294,0.222,0.706,0.634,NA,NA,NA,NA,1250,FALSE,I3EN,Storage,SSD
P3DN 24xlarge,p3dn.24xlarge,768,345,96,8,0,3.594,Intel Xeon Platinum 8175 (Skylake),2.5 GHz,Yes,Yes,Yes,1800 GiB               (2 * 900 GiB NVMe SSD),Yes,Yes,64-bit,100 Gigabit,14000.0 Mbps,1750.0 MB/s,80000.0 IOPS,Yes,750,15,Yes,Yes,Yes,No,Unknown,No,NA,NA,31.342,19.345,31.362,19.275,NA,NA,NA,NA,NA,NA,NA,NA,NA,NA,NA,NA,NA,NA,NA,NA,1800,FALSE,P3DN,Accelerated,SSD
R5D Metal,r5d.metal,768,347,96,0,0,3.615,Intel Xeon Platinum 8175,unknown,unknown,unknown,unknown,3600 GiB               (4 * 900 GiB NVMe SSD),Yes,Yes,64-bit,25 Gigabit,14000.0 Mbps,1750.0 MB/s,80000.0 IOPS,Yes,750,15,No,Yes,Yes,No,HVM,No,8.112,5.169,7.042,4.492,7.062,4.422,12.528,9.585,12.95,10.401,22.848,20.298,47.328,44.778,8.534,5.985,18.432,15.882,42.912,40.362,NA,NA,3600,FALSE,R5D,Memory,SSD
I3EN 24xlarge,i3en.24xlarge,768,0,96,0,0,0,Intel Xeon Platinum 8175,3.1 GHz,unknown,unknown,unknown,60000 GiB               (8 * 7500 GiB NVMe SSD),Yes,Yes,64-bit,100 Gigabit,14000.0 Mbps,1750.0 MB/s,80000.0 IOPS,Yes,750,15,Yes,Yes,Yes,No,Unknown,No,NA,NA,10.978,7.518,10.998,7.448,NA,NA,16.886,13.426,26.784,23.324,51.264,47.804,12.47,9.01,22.368,18.908,46.848,43.388,NA,NA,60000,FALSE,I3EN,Storage,SSD
R5AD Extra Large,r5ad.xlarge,32,0,4,0,0,0,AMD EPYC 7571,2.5 GHz,unknown,unknown,unknown,150 GiB               NVMe SSD,Yes,Yes,64-bit,10 Gigabit,2210.0 Mbps,265.0 MB/s,16000.0 IOPS,Yes,60,4,Yes,Yes,Yes,No,Unknown,No,NA,NA,0.322,0.226,0.387,0.216,NA,NA,0.514,0.417,0.926,0.83,1.946,1.85,0.33,0.233,0.742,0.646,1.762,1.666,NA,NA,150,FALSE,R5AD,Memory,SSD
Z1D Double Extra Large,z1d.2xlarge,64,53,8,0,0,6.625,Intel Xeon Platinum 8151,unknown,unknown,unknown,unknown,300 GiB               NVMe SSD,Yes,Yes,64-bit,Up to 10 Gigabit,2333.0 Mbps,292.0 MB/s,13333.0 IOPS,Yes,60,4,No,Yes,Yes,No,HVM,Yes,0.879,0.561,0.874,0.6,0.894,0.53,1.247,0.929,1.247,0.973,2.072,1.798,4.112,3.838,0.879,0.605,1.704,1.43,3.744,3.47,NA,0.186,300,FALSE,Z1D,Memory,SSD
I3 High I/O Metal,i3.metal,512,208,72,0,0,2.889,Intel Xeon E5-2686 v4 (Broadwell),unknown,unknown,unknown,unknown,15200 GiB               (8 * 1900 GiB NVMe SSD),Yes,Yes,64-bit,25 Gigabit,14000.0 Mbps,1750.0 MB/s,65000.0 IOPS,No,750,15,No,Yes,Yes,No,HVM,No,NA,NA,5.122,3.557,5.092,3.46,NA,NA,9.063,7.498,15.616,14.051,31.936,30.371,6.074,4.509,12.672,11.107,28.992,27.427,NA,NA,15200,FALSE,I3,Storage,SSD
I3EN 3xlarge,i3en.3xlarge,96,0,12,0,0,0,Intel Xeon Platinum 8175,3.1 GHz,unknown,unknown,unknown,7500 GiB               NVMe SSD,Yes,Yes,64-bit,Up to 25 Gigabit,3500.0 Mbps,437.5 MB/s,20000.0 IOPS,Yes,60,4,Yes,Yes,Yes,No,Unknown,No,NA,NA,1.486,1.054,1.506,0.984,NA,NA,2.111,1.678,3.348,2.916,6.408,5.976,1.559,1.126,2.796,2.364,5.856,5.424,NA,NA,7500,FALSE,I3EN,Storage,SSD
C5 High-CPU Large,c5d.large,4,9,2,0,0,4.5,Intel Xeon Platinum 8124M,3.0 Ghz,Yes,Yes,Yes,50 GiB               NVMe SSD,Yes,Yes,64-bit,Up to 10 Gigabit,3500.0 Mbps,437.5 MB/s,20000.0 IOPS,Yes,30,3,Yes,Yes,Yes,No,HVM,No,0.115,0.079,0.156,0.121,0.196,0.094,0.207,0.171,0.256,0.22,0.668,0.633,NA,NA,0.164,0.128,0.576,0.541,NA,NA,NA,NA,50,FALSE,C5,Compute,SSD
R3 High-Memory Large,r3.large,15.25,6.5,2,0,0,3.25,Intel Xeon E5-2670 v2 (Ivy Bridge),2.5 GHz,Yes,unknown,Yes,32 GiB               SSD,Yes,Yes,64-bit,Moderate,N/A,0 MB/s,0 IOPS,No,30,3,Yes,No,Yes,No,HVM,No,NA,NA,0.226,0.165,0.266,0.138,NA,NA,0.386,0.272,0.946,0.833,NA,NA,0.234,0.162,0.646,0.574,NA,NA,NA,NA,32,FALSE,R3,Memory,SSD
R5AD Double Extra Large,r5ad.2xlarge,64,0,8,0,0,0,AMD EPYC 7571,2.5 GHz,unknown,unknown,unknown,300 GiB               NVMe SSD,Yes,Yes,64-bit,10 Gigabit,2210.0 Mbps,265.0 MB/s,16000.0 IOPS,Yes,60,4,Yes,Yes,Yes,No,Unknown,No,NA,NA,0.654,0.462,0.674,0.392,NA,NA,1.027,0.835,1.852,1.66,3.892,3.7,0.659,0.467,1.484,1.292,3.524,3.332,NA,NA,300,FALSE,R5AD,Memory,SSD
R5D 24xlarge,r5d.24xlarge,768,347,96,0,0,3.615,Intel Xeon Platinum 8175,unknown,unknown,unknown,unknown,3600 GiB               (4 * 900 GiB NVMe SSD),Yes,Yes,64-bit,25 Gigabit,14000.0 Mbps,1750.0 MB/s,80000.0 IOPS,Yes,750,15,No,Yes,Yes,No,HVM,Yes,8.112,5.169,7.042,4.492,7.062,4.422,12.528,9.585,12.95,10.401,22.848,20.298,47.328,44.778,8.534,5.985,18.432,15.882,42.912,40.362,NA,0.27,3600,FALSE,R5D,Memory,SSD
I3 High I/O Large,i3.large,15.25,7,2,0,0,3.5,Intel Xeon E5-2686 v4 (Broadwell),2.3 GHz,Yes,Yes,Yes,475 GiB               NVMe SSD,Yes,Yes,64-bit,Up to 10 Gigabit,425.0 Mbps,53.13 MB/s,3000.0 IOPS,No,30,3,Yes,Yes,Yes,No,HVM,No,0.181,0.124,0.216,0.167,0.256,0.14,0.273,0.216,0.319,0.27,0.728,0.679,NA,NA,0.224,0.175,0.636,0.587,NA,NA,NA,NA,475,FALSE,I3,Storage,SSD
M5AD 12xlarge,m5ad.12xlarge,192,0,48,0,0,0,AMD EPYC 7571,2.5 GHz,unknown,unknown,unknown,1800 GiB               (2 * 900 GiB NVMe SSD),Yes,Yes,64-bit,10 Gigabit,5000.0 Mbps,675.0 MB/s,30000.0 IOPS,Yes,240,8,Yes,Yes,Yes,No,Unknown,No,NA,NA,2.602,1.711,2.622,1.641,NA,NA,5.491,4.6,10.44,9.549,22.68,21.789,3.283,2.392,8.232,7.341,20.472,19.581,NA,NA,1800,FALSE,M5AD,General,SSD
I3 High I/O Extra Large,i3.xlarge,30.5,13,4,0,0,3.25,Intel Xeon E5-2686 v4 (Broadwell),2.3 GHz,Yes,Yes,Yes,950 GiB               NVMe SSD,Yes,Yes,64-bit,Up to 10 Gigabit,850.0 Mbps,106.25 MB/s,6000.0 IOPS,No,60,4,Yes,Yes,Yes,No,HVM,Yes,0.362,0.248,0.372,0.274,0.412,0.247,0.546,0.432,0.567,0.469,0.976,0.878,1.996,1.898,0.38,0.282,0.792,0.694,1.812,1.714,NA,0.078,950,FALSE,I3,Storage,SSD
C5 High-CPU Double Extra Large,c5d.2xlarge,16,34,8,0,0,4.25,Intel Xeon Platinum 8124M,3.0 Ghz,Yes,Yes,Yes,200 GiB               NVMe SSD,Yes,Yes,64-bit,Up to 10 Gigabit,3500.0 Mbps,437.5 MB/s,20000.0 IOPS,Yes,60,4,Yes,Yes,Yes,No,HVM,Yes,0.46,0.317,0.514,0.372,0.484,0.275,0.828,0.685,0.887,0.745,1.712,1.57,3.752,3.61,0.519,0.377,1.344,1.202,3.384,3.242,NA,0.096,200,FALSE,C5,Compute,SSD
R5AD 12xlarge,r5ad.12xlarge,384,0,48,0,0,0,AMD EPYC 7571,2.5 GHz,unknown,unknown,unknown,1800 GiB               (2 * 900 GiB NVMe SSD),Yes,Yes,64-bit,10 Gigabit,5000.0 Mbps,625.0 MB/s,30000.0 IOPS,Yes,240,8,Yes,Yes,Yes,No,Unknown,No,NA,NA,3.274,2.121,3.294,2.051,NA,NA,6.163,5.01,11.112,9.959,23.352,22.199,3.955,2.802,8.904,7.751,21.144,19.991,NA,NA,1800,FALSE,R5AD,Memory,SSD
I2 Eight Extra Large,i2.8xlarge,244,104,32,0,0,3.25,Intel Xeon E5-2670 v2 (Ivy Bridge),2.5 GHz,Yes,unknown,Yes,6400 GiB               (8 * 800 GiB SSD),Yes,Yes,64-bit,10 Gigabit,N/A,0 MB/s,0 IOPS,No,240,8,Yes,No,Yes,No,HVM,Yes,NA,NA,6.95,3.522,6.92,3.428,NA,NA,7.942,4.623,9.836,6.142,20.292,16.87,7.365,3.588,10.664,6.888,18.824,15.048,NA,0.27,6400,FALSE,I2,Storage,SSD
C5 High-CPU 9xlarge,c5d.9xlarge,72,141,36,0,0,3.917,Intel Xeon Platinum 8124M,3.0 Ghz,Yes,Yes,Yes,900 GiB               NVMe SSD,Yes,Yes,64-bit,10 Gigabit,7000.0 Mbps,875.0 MB/s,40000.0 IOPS,Yes,240,8,Yes,Yes,Yes,No,HVM,Yes,2.07,1.426,1.858,1.22,1.828,1.123,3.726,3.082,3.992,3.354,7.704,7.066,16.884,16.246,2.336,1.698,6.048,5.41,15.228,14.59,NA,0.27,900,FALSE,C5,Compute,SSD
M5 General Purpose 24xlarge,m5d.24xlarge,384,345,96,0,0,3.594,Intel Xeon Platinum 8175,2.5 GHz,Yes,Yes,Yes,3600 GiB               (4 * 900 GiB NVMe SSD),Yes,Yes,64-bit,25 Gigabit,14000.0 Mbps,1750.0 MB/s,80000.0 IOPS,Yes,750,15,Yes,Yes,Yes,No,HVM,Yes,6.288,4.396,5.554,3.584,5.524,3.487,10.704,8.812,11.462,9.492,21.36,19.39,45.84,43.87,7.046,5.076,16.944,14.974,41.424,39.454,NA,0.27,3600,FALSE,M5,General,SSD
M5AD Large,m5ad.large,8,0,2,0,0,0,AMD EPYC 7571,2.5 GHz,unknown,unknown,unknown,75 GiB               NVMe SSD,Yes,Yes,64-bit,Up to 10 Gigabit,2120.0 Mbps,265.0 MB/s,16000.0 IOPS,Yes,30,3,Yes,Yes,Yes,No,Unknown,No,NA,NA,0.163,0.126,0.166,0.091,NA,NA,0.263,0.225,0.675,0.638,NA,NA,0.171,0.133,0.583,0.546,NA,NA,NA,NA,75,FALSE,M5AD,General,SSD
C5 High-CPU Quadruple Extra Large,c5d.4xlarge,32,68,16,0,0,4.25,Intel Xeon Platinum 8124M,3.0 Ghz,Yes,Yes,Yes,400 GiB               NVMe SSD,Yes,Yes,64-bit,Up to 10 Gigabit,3500.0 Mbps,437.5 MB/s,20000.0 IOPS,Yes,240,8,Yes,Yes,Yes,No,HVM,Yes,0.92,0.634,0.898,0.614,0.868,0.517,1.656,1.37,1.774,1.491,3.424,3.14,7.504,7.22,1.038,0.755,2.688,2.404,6.768,6.484,NA,0.192,400,FALSE,C5,Compute,SSD
I3 High I/O 16xlarge,i3.16xlarge,488,200,64,0,0,3.125,Intel Xeon E5-2686 v4 (Broadwell),2.3 GHz,Yes,Yes,Yes,15200 GiB               (8 * 1900 GiB NVMe SSD),Yes,Yes,64-bit,20 Gigabit,14000.0 Mbps,1750.0 MB/s,65000.0 IOPS,No,750,15,Yes,Yes,Yes,No,HVM,Yes,5.792,3.965,5.122,3.557,5.092,3.46,8.736,6.909,9.063,7.498,15.616,14.051,31.936,30.371,6.074,4.509,12.672,11.107,28.992,27.427,NA,0.27,15200,FALSE,I3,Storage,SSD
R3 High-Memory Double Extra Large,r3.2xlarge,61,26,8,0,0,3.25,Intel Xeon E5-2670 v2 (Ivy Bridge),2.5 GHz,Yes,unknown,Yes,160 GiB               SSD,Yes,Yes,64-bit,High,N/A,0 MB/s,0 IOPS,No,60,4,Yes,No,Yes,No,HVM,Yes,NA,NA,0.795,0.548,0.765,0.451,NA,NA,1.52,1.069,2.74,2.412,4.033,3.789,0.799,0.512,1.624,1.337,3.664,3.377,NA,0.18,160,FALSE,R3,Memory,SSD
F1 16xlarge,f1.16xlarge,976,188,64,0,0,2.938,Intel Xeon E5-2686 v4 (Broadwell),unknown,unknown,unknown,unknown,3760 GiB               (4 * 940 GiB NVMe SSD),Yes,Yes,64-bit,20 Gigabit,14000.0 Mbps,1750.0 MB/s,75000.0 IOPS,No,400,8,No,Yes,Yes,No,HVM,No,NA,NA,13.33,9.055,13.3,8.958,NA,NA,NA,NA,NA,NA,NA,NA,NA,NA,NA,NA,NA,NA,NA,NA,3760,FALSE,F1,Accelerated,SSD
R5D Quadruple Extra Large,r5d.4xlarge,128,71,16,0,0,4.438,Intel Xeon Platinum 8175,unknown,unknown,unknown,unknown,600 GiB               (2 * 300 GiB NVMe SSD),Yes,Yes,64-bit,10 Gigabit,3500.0 Mbps,437.5 MB/s,18750.0 IOPS,Yes,240,8,No,Yes,Yes,No,HVM,Yes,1.352,0.861,1.282,0.857,1.302,0.787,2.088,1.597,2.158,1.733,3.808,3.383,7.888,7.463,1.422,0.997,3.072,2.647,7.152,6.727,NA,0.27,600,FALSE,R5D,Memory,SSD
M5 General Purpose Large,m5d.large,8,8,2,0,0,4,Intel Xeon Platinum 8175,2.5 GHz,Yes,Yes,Yes,75 GiB               NVMe SSD,Yes,Yes,64-bit,Up to 10 Gigabit,3500.0 Mbps,437.5 MB/s,18750.0 IOPS,Yes,30,3,Yes,Yes,Yes,No,HVM,No,0.131,0.092,0.173,0.132,0.213,0.105,0.223,0.184,0.273,0.232,0.685,0.644,NA,NA,0.181,0.14,0.593,0.552,NA,NA,NA,NA,75,FALSE,M5,General,SSD
M5AD Quadruple Extra Large,m5ad.4xlarge,64,0,16,0,0,0,AMD EPYC 7571,2.5 GHz,unknown,unknown,unknown,600 GiB               (2 * 300 GiB NVMe SSD),Yes,Yes,64-bit,Up to 10 Gigabit,2120.0 Mbps,265.0 MB/s,16000.0 IOPS,Yes,240,8,Yes,Yes,Yes,No,Unknown,No,NA,NA,0.954,0.657,0.974,0.587,NA,NA,1.83,1.533,3.48,3.183,7.56,7.263,1.094,0.797,2.744,2.447,6.824,6.527,NA,NA,600,FALSE,M5AD,General,SSD
I3EN Extra Large,i3en.xlarge,32,0,4,0,0,0,Intel Xeon Platinum 8175,3.1 GHz,unknown,unknown,unknown,2500 GiB               NVMe SSD,Yes,Yes,64-bit,Up to 25 Gigabit,3500.0 Mbps,437.5 MB/s,20000.0 IOPS,Yes,60,4,Yes,Yes,Yes,No,Unknown,No,NA,NA,0.512,0.368,0.577,0.358,NA,NA,0.704,0.559,1.116,0.972,2.136,1.992,0.52,0.375,0.932,0.788,1.952,1.808,NA,NA,2500,FALSE,I3EN,Storage,SSD
C5 High-CPU Extra Large,c5d.xlarge,8,17,4,0,0,4.25,Intel Xeon Platinum 8124M,3.0 Ghz,Yes,Yes,Yes,100 GiB               NVMe SSD,Yes,Yes,64-bit,Up to 10 Gigabit,3500.0 Mbps,437.5 MB/s,20000.0 IOPS,Yes,60,4,Yes,Yes,Yes,No,HVM,Yes,0.23,0.158,0.252,0.181,0.292,0.154,0.414,0.342,0.444,0.373,0.856,0.785,1.876,1.805,0.26,0.189,0.672,0.601,1.692,1.621,NA,0.048,100,FALSE,C5,Compute,SSD
I3 High I/O Double Extra Large,i3.2xlarge,61,27,8,0,0,3.375,Intel Xeon E5-2686 v4 (Broadwell),2.3 GHz,Yes,Yes,Yes,1900 GiB               NVMe SSD,Yes,Yes,64-bit,Up to 10 Gigabit,1700.0 Mbps,212.5 MB/s,12000.0 IOPS,No,60,4,Yes,Yes,Yes,No,HVM,Yes,0.724,0.496,0.754,0.558,0.724,0.461,1.092,0.864,1.133,0.937,1.952,1.756,3.992,3.796,0.759,0.564,1.584,1.388,3.624,3.428,NA,0.156,1900,FALSE,I3,Storage,SSD
I3EN Double Extra Large,i3en.2xlarge,64,0,8,0,0,0,Intel Xeon Platinum 8175,3.1 GHz,unknown,unknown,unknown,5000 GiB               (2 * 2500 GiB NVMe SSD),Yes,Yes,64-bit,Up to 25 Gigabit,3500.0 Mbps,437.5 MB/s,20000.0 IOPS,Yes,60,4,Yes,Yes,Yes,No,Unknown,No,NA,NA,1.034,0.746,1.054,0.676,NA,NA,1.407,1.119,2.232,1.944,4.272,3.984,1.039,0.751,1.864,1.576,3.904,3.616,NA,NA,5000,FALSE,I3EN,Storage,SSD
F1 Double Extra Large,f1.2xlarge,122,26,8,0,0,3.25,Intel Xeon E5-2686 v4 (Broadwell),unknown,unknown,unknown,unknown,470 GiB               NVMe SSD,Yes,Yes,64-bit,Up to 10 Gigabit,1700.0 Mbps,212.5 MB/s,12000.0 IOPS,No,60,4,No,Yes,Yes,No,HVM,No,NA,NA,1.78,1.246,1.75,1.149,NA,NA,NA,NA,NA,NA,NA,NA,NA,NA,NA,NA,NA,NA,NA,NA,470,FALSE,F1,Accelerated,SSD
M5AD Double Extra Large,m5ad.2xlarge,32,0,8,0,0,0,AMD EPYC 7571,2.5 GHz,unknown,unknown,unknown,300 GiB               NVMe SSD,Yes,Yes,64-bit,Up to 10 Gigabit,2120.0 Mbps,265.0 MB/s,16000.0 IOPS,Yes,60,4,Yes,Yes,Yes,No,Unknown,No,NA,NA,0.542,0.393,0.562,0.323,NA,NA,0.915,0.767,1.74,1.591,3.78,3.631,0.547,0.399,1.372,1.223,3.412,3.263,NA,NA,300,FALSE,M5AD,General,SSD
Z1D Large,z1d.large,16,15,2,0,0,7.5,Intel Xeon Platinum 8151,4.0 GHz,unknown,unknown,unknown,75 GiB               NVMe SSD,Yes,Yes,64-bit,Up to 10 Gigabit,2333.0 Mbps,291.0 MB/s,13333.0 IOPS,Yes,30,3,No,Yes,Yes,No,HVM,No,0.22,0.14,0.246,0.178,0.249,0.143,0.312,0.232,0.346,0.277,0.758,0.69,NA,NA,0.254,0.185,0.666,0.598,NA,NA,NA,NA,75,FALSE,Z1D,Memory,SSD
M5AD 24xlarge,m5ad.24xlarge,384,0,96,0,0,0,AMD EPYC 7571,2.5 GHz,unknown,unknown,unknown,3600 GiB               (4 * 900 GiB NVMe SSD),Yes,Yes,64-bit,20 Gigabit,10000.0 Mbps,1250.0 MB/s,60000.0 IOPS,Yes,750,15,Yes,Yes,Yes,No,Unknown,No,NA,NA,5.074,3.291,5.094,3.221,NA,NA,10.982,9.2,20.88,19.097,45.36,43.577,6.566,4.784,16.464,14.681,40.944,39.161,NA,NA,3600,FALSE,M5AD,General,SSD
M5 General Purpose 12xlarge,m5d.12xlarge,192,173,48,0,0,3.604,Intel Xeon Platinum 8175,2.5 GHz,Yes,Yes,Yes,1800 GiB               (2 * 900 GiB NVMe SSD),Yes,Yes,64-bit,10 Gigabit,7000.0 Mbps,875.0 MB/s,40000.0 IOPS,Yes,240,8,Yes,Yes,Yes,No,HVM,Yes,3.144,2.198,2.842,1.857,2.812,1.76,5.352,4.406,5.731,4.746,10.68,9.695,22.92,21.935,3.523,2.538,8.472,7.487,20.712,19.727,NA,0.27,1800,FALSE,M5,General,SSD
I3EN 12xlarge,i3en.12xlarge,384,0,48,0,0,0,Intel Xeon Platinum 8175,3.1 GHz,unknown,unknown,unknown,30000 GiB               (4 * 7500 GiB NVMe SSD),Yes,Yes,64-bit,50 Gigabit,7000.0 Mbps,875.0 MB/s,40000.0 IOPS,Yes,240,8,Yes,Yes,Yes,No,Unknown,No,NA,NA,5.554,3.824,5.574,3.754,NA,NA,8.443,6.713,13.392,11.662,25.632,23.902,6.235,4.505,11.184,9.454,23.424,21.694,NA,NA,30000,FALSE,I3EN,Storage,SSD
R5D Large,r5d.large,16,10,2,0,0,5,Intel Xeon Platinum 8175,unknown,unknown,unknown,unknown,75 GiB               NVMe SSD,Yes,Yes,64-bit,10 Gigabit,3500.0 Mbps,437.5 MB/s,18750.0 IOPS,Yes,30,3,No,Yes,Yes,No,HVM,No,0.169,0.108,0.204,0.151,0.207,0.116,0.261,0.2,0.304,0.25,0.716,0.663,NA,NA,0.212,0.158,0.624,0.571,NA,NA,NA,NA,75,FALSE,R5D,Memory,SSD
R5D 12xlarge,r5d.12xlarge,384,173,48,0,0,3.604,Intel Xeon Platinum 8175,unknown,unknown,unknown,unknown,1800 GiB               (2 * 900 GiB NVMe SSD),Yes,Yes,64-bit,10 Gigabit,7000.0 Mbps,875.0 MB/s,40000.0 IOPS,Yes,240,8,No,Yes,Yes,No,HVM,Yes,4.056,2.584,3.586,2.311,3.606,2.241,6.264,4.792,6.475,5.2,11.424,10.149,23.664,22.389,4.267,2.992,9.216,7.941,21.456,20.181,NA,0.27,1800,FALSE,R5D,Memory,SSD
M5 General Purpose Extra Large,m5d.xlarge,16,16,4,0,0,4,Intel Xeon Platinum 8175,2.5 GHz,Yes,Yes,Yes,150 GiB               NVMe SSD,Yes,Yes,64-bit,Up to 10 Gigabit,3500.0 Mbps,437.5 MB/s,18750.0 IOPS,Yes,60,4,Yes,Yes,Yes,No,HVM,Yes,0.262,0.183,0.286,0.204,0.326,0.177,0.446,0.367,0.478,0.396,0.89,0.808,1.91,1.828,0.294,0.212,0.706,0.624,1.726,1.644,NA,0.057,150,FALSE,M5,General,SSD
R3 High-Memory Eight Extra Large,r3.8xlarge,244,104,32,0,0,3.25,Intel Xeon E5-2670 v2 (Ivy Bridge),2.5 GHz,Yes,unknown,Yes,640 GiB               (2 * 320 GiB SSD),Yes,Yes,64-bit,10 Gigabit,N/A,0 MB/s,0 IOPS,No,240,8,Yes,No,Yes,No,HVM,Yes,NA,NA,2.79,1.802,2.76,1.705,NA,NA,3.855,2.717,8.615,7.594,16.132,15.158,3.197,2.048,6.496,5.347,14.656,13.507,NA,0.27,640,FALSE,R3,Memory,SSD
R5AD Quadruple Extra Large,r5ad.4xlarge,128,0,16,0,0,0,AMD EPYC 7571,2.5 GHz,unknown,unknown,unknown,600 GiB               (2 * 300 GiB NVMe SSD),Yes,Yes,64-bit,10 Gigabit,2210.0 Mbps,265.0 MB/s,16000.0 IOPS,Yes,240,8,Yes,Yes,Yes,No,Unknown,No,NA,NA,1.178,0.794,1.198,0.724,NA,NA,2.054,1.67,3.704,3.32,7.784,7.4,1.318,0.934,2.968,2.584,7.048,6.664,NA,NA,600,FALSE,R5AD,Memory,SSD
C5 High-CPU 18xlarge,c5d.18xlarge,144,281,72,0,0,3.903,Intel Xeon Platinum 8124M,3.0 Ghz,Yes,Yes,Yes,1800 GiB               (2 * 900 GiB NVMe SSD),Yes,Yes,64-bit,25 Gigabit,14000.0 Mbps,1750.0 MB/s,80000.0 IOPS,Yes,750,15,Yes,Yes,Yes,No,HVM,Yes,4.14,2.853,3.586,2.31,3.556,2.213,7.452,6.165,7.985,6.709,15.408,14.132,33.768,32.492,4.673,3.397,12.096,10.82,30.456,29.18,NA,0.27,1800,FALSE,C5,Compute,SSD
M5 General Purpose Metal,m5d.metal,384,345,96,0,0,3.594,Intel Xeon Platinum 8175,2.5 GHz,Yes,Yes,Yes,3600 GiB               (4 * 900 GiB NVMe SSD),Yes,Yes,64-bit,25 Gigabit,14000.0 Mbps,1750.0 MB/s,80000.0 IOPS,Yes,750,15,Yes,Yes,Yes,No,HVM,No,6.288,4.396,5.554,3.584,5.524,3.487,10.704,8.812,11.462,9.492,21.36,19.39,45.84,43.87,7.046,5.076,16.944,14.974,41.424,39.454,NA,NA,3600,FALSE,M5,General,SSD
Z1D 12xlarge,z1d.12xlarge,384,271,48,0,0,5.646,Intel Xeon Platinum 8151,unknown,unknown,unknown,unknown,1800 GiB               (2 * 900 GiB NVMe SSD),Yes,Yes,64-bit,25 Gigabit,14000.0 Mbps,1750.0 MB/s,80000.0 IOPS,Yes,750,15,No,Yes,Yes,No,HVM,Yes,5.273,3.366,4.594,2.952,4.614,2.882,7.481,5.574,7.483,5.841,12.432,10.79,24.672,23.03,5.275,3.633,10.224,8.582,22.464,20.822,NA,0.27,1800,FALSE,Z1D,Memory,SSD
R5D Double Extra Large,r5d.2xlarge,64,38,8,0,0,4.75,Intel Xeon Platinum 8175,unknown,unknown,unknown,unknown,300 GiB               NVMe SSD,Yes,Yes,64-bit,10 Gigabit,3500.0 Mbps,437.5 MB/s,18750.0 IOPS,Yes,60,4,No,Yes,Yes,No,HVM,Yes,0.676,0.431,0.706,0.494,0.726,0.424,1.044,0.799,1.079,0.867,1.904,1.692,3.944,3.732,0.711,0.499,1.536,1.324,3.576,3.364,NA,0.144,300,FALSE,R5D,Memory,SSD
Z1D Metal,z1d.metal,384,271,48,0,0,5.646,Intel Xeon Platinum 8151,unknown,unknown,unknown,unknown,1800 GiB               (2 * 900 GiB NVMe SSD),Yes,Yes,64-bit,25 Gigabit,14000.0 Mbps,1750.0 MB/s,80000.0 IOPS,Yes,750,15,No,Yes,Yes,No,HVM,No,5.273,3.366,4.594,2.952,4.614,2.882,7.481,5.574,7.483,5.841,12.432,10.79,24.672,23.03,5.275,3.633,10.224,8.582,22.464,20.822,NA,NA,1800,FALSE,Z1D,Memory,SSD
I2 Quadruple Extra Large,i2.4xlarge,122,53,16,0,0,3.312,Intel Xeon E5-2670 v2 (Ivy Bridge),2.5 GHz,Yes,unknown,Yes,3200 GiB               (4 * 800 GiB SSD),Yes,Yes,64-bit,High,N/A,0 MB/s,0 IOPS,No,240,8,Yes,No,Yes,No,HVM,Yes,NA,NA,3.54,1.826,3.51,1.732,NA,NA,3.971,2.311,4.918,3.071,10.146,8.435,3.682,1.794,5.332,3.444,9.412,7.524,NA,0.27,3200,FALSE,I2,Storage,SSD
Z1D 3xlarge,z1d.3xlarge,96,75,12,0,0,6.25,Intel Xeon Platinum 8151,unknown,unknown,unknown,unknown,450 GiB               NVMe SSD,Yes,Yes,64-bit,Up to 10 Gigabit,3500.0 Mbps,438.0 MB/s,20000.0 IOPS,Yes,240,8,No,Yes,Yes,No,HVM,Yes,1.318,0.842,1.246,0.835,1.266,0.765,1.87,1.394,1.871,1.46,3.108,2.697,6.168,5.757,1.319,0.908,2.556,2.145,5.616,5.205,NA,0.27,450,FALSE,Z1D,Memory,SSD
I2 Double Extra Large,i2.2xlarge,61,27,8,0,0,3.375,Intel Xeon E5-2670 v2 (Ivy Bridge),2.5 GHz,Yes,unknown,Yes,1600 GiB               (2 * 800 GiB SSD),Yes,Yes,64-bit,High,N/A,0 MB/s,0 IOPS,No,60,4,Yes,No,Yes,No,HVM,Yes,NA,NA,1.835,0.978,1.805,0.884,NA,NA,1.986,1.155,2.459,1.536,5.073,4.218,1.841,0.897,2.666,1.722,4.706,3.762,NA,0.27,1600,FALSE,I2,Storage,SSD
M5 General Purpose Double Extra Large,m5d.2xlarge,32,31,8,0,0,3.875,Intel Xeon Platinum 8175,2.5 GHz,Yes,Yes,Yes,300 GiB               NVMe SSD,Yes,Yes,64-bit,Up to 10 Gigabit,3500.0 Mbps,437.5 MB/s,18750.0 IOPS,Yes,60,4,Yes,Yes,Yes,No,HVM,Yes,0.524,0.366,0.582,0.418,0.552,0.321,0.892,0.734,0.955,0.791,1.78,1.616,3.82,3.656,0.587,0.423,1.412,1.248,3.452,3.288,NA,0.113,300,FALSE,M5,General,SSD
I3 High I/O Eight Extra Large,i3.8xlarge,244,99,32,0,0,3.094,Intel Xeon E5-2686 v4 (Broadwell),2.3 GHz,Yes,Yes,Yes,7600 GiB               (4 * 1900 GiB NVMe SSD),Yes,Yes,64-bit,10 Gigabit,7000.0 Mbps,875.0 MB/s,32500.0 IOPS,No,240,8,Yes,Yes,Yes,No,HVM,Yes,2.896,1.982,2.626,1.844,2.596,1.747,4.368,3.454,4.532,3.75,7.808,7.026,15.968,15.186,3.037,2.254,6.336,5.554,14.496,13.714,NA,0.27,7600,FALSE,I3,Storage,SSD
