,instance,score,cpu,type,provider,price,value,type,filter
0,n1-standard-2,0.487694307142,[2],['General'],['google'],0.095,5.133624285705263,vod,house
1,r5.xlarge,0.659796624274,[4],['Memory'],['aws'],0.252,2.618240572515873,vod,house
2,c5.2xlarge,0.740014413095,[8],['CPU'],['aws'],0.34,2.1765129796911764,vod,house
3,m5.large,0.611022057106,[2],['General'],['aws'],0.096,6.364813094854166,vod,house
4,n1-standard-2,0.489489455003,[2],['General'],['google'],0.095,5.152520578978947,vod,house
5,r5.xlarge,0.652408294835,[4],['Memory'],['aws'],0.252,2.5889218049007936,vod,house
6,n1-highcpu-2,0.490405915351,[2],['CPU'],['google'],0.0709,6.916867635416078,vod,house
7,m5.2xlarge,0.663435431964,[8],['General'],['aws'],0.384,1.72769643740625,vod,house
8,n1-standard-8,0.538908540491,[8],['General'],['google'],0.38,1.4181803697131579,vod,house
9,n1-highcpu-8,0.501587884974,[8],['CPU'],['google'],0.2836,1.7686455746614949,vod,house
10,m5.large,0.608366025065,[2],['General'],['aws'],0.096,6.337146094427084,vod,house
11,n1-highmem-2,0.48073791774900004,[2],['Memory'],['google'],0.1184,4.060286467474662,vod,house
12,c5.large,0.692004356688,[2],['CPU'],['aws'],0.085,8.141227725741176,vod,house
13,n1-highcpu-2,0.484784258268,[2],['CPU'],['google'],0.0709,6.837577690662905,vod,house
14,n1-highcpu-2,0.47160717604200003,[2],['CPU'],['google'],0.0709,6.65172321638928,vod,house
15,n1-standard-2,0.483716084762,[2],['General'],['google'],0.095,5.091748260652632,vod,house
16,c5.large,0.693929507562,[2],['CPU'],['aws'],0.085,8.163876559552941,vod,house
17,m5.large,0.608562559915,[2],['General'],['aws'],0.096,6.339193332447916,vod,house
18,m5.xlarge,0.64320028906,[4],['General'],['aws'],0.192,3.3500015055208334,vod,house
19,c5.large,0.684786536075,[2],['CPU'],['aws'],0.085,8.056312189117646,vod,house
20,c5.large,0.683473419373,[2],['CPU'],['aws'],0.085,8.040863757329411,vod,house
21,c5.large,0.6920507290839999,[2],['CPU'],['aws'],0.085,8.141773283341175,vod,house
22,m5.large,0.605350175795,[2],['General'],['aws'],0.096,6.305730997864583,vod,house
23,c5.large,0.684930249437,[2],['CPU'],['aws'],0.085,8.05800293455294,vod,house
24,c5.large,0.68253947784,[2],['CPU'],['aws'],0.085,8.029876209882353,vod,house
25,c5.large,0.687899207396,[2],['CPU'],['aws'],0.085,8.092931851717646,vod,house
26,c5.2xlarge,0.724924473677,[8],['CPU'],['aws'],0.34,2.132130804932353,vod,house
27,c5.large,0.681807682234,[2],['CPU'],['aws'],0.085,8.021266849811765,vod,house
28,c5.large,0.696067252503,[2],['CPU'],['aws'],0.085,8.189026500035293,vod,house
29,r5.xlarge,0.65598274614,[4],['Memory'],['aws'],0.252,2.60310613547619,vod,house
30,n1-standard-2,0.47373009726399995,[2],['General'],['google'],0.095,4.986632602778947,vod,house
31,c5.2xlarge,0.724576306375,[8],['CPU'],['aws'],0.34,2.1311067834558823,vod,house
32,n1-standard-2,0.49566448863,[2],['General'],['google'],0.095,5.217520932947369,vod,house
33,n1-standard-2,0.484009888509,[2],['General'],['google'],0.095,5.0948409316736845,vod,house
34,r5.xlarge,0.648544025408,[4],['Memory'],['aws'],0.252,2.5735874024126986,vod,house
35,n1-standard-4,0.52491062779,[4],['General'],['google'],0.19,2.7626875146842105,vod,house
36,n1-standard-2,0.46756085245100004,[2],['General'],['google'],0.095,4.921693183694737,vod,house
37,n1-highcpu-2,0.484417855414,[2],['CPU'],['google'],0.0709,6.832409808377997,vod,house
38,n1-standard-2,0.484995730802,[2],['General'],['google'],0.095,5.105218218968421,vod,house
39,n1-highmem-2,0.487310041784,[2],['Memory'],['google'],0.1184,4.115794271824324,vod,house
40,n1-highcpu-2,0.47648636452,[2],['CPU'],['google'],0.0709,6.7205411074753165,vod,house
41,n1-standard-2,0.495377987347,[2],['General'],['google'],0.095,5.214505129968421,vod,house
42,m5.large,0.610407620133,[2],['General'],['aws'],0.096,6.35841270971875,vod,house
43,r5.xlarge,0.68115335106,[4],['Memory'],['aws'],0.252,2.702989488333333,vod,house
44,c5.2xlarge,0.735886658374,[8],['CPU'],['aws'],0.34,2.1643725246294117,vod,house
45,r5.xlarge,0.653695849027,[4],['Memory'],['aws'],0.252,2.5940311469325397,vod,house
46,n1-standard-2,0.4922734061049999,[2],['General'],['google'],0.095,5.181825327421052,vod,house
47,m5.large,0.613838490582,[2],['General'],['aws'],0.096,6.3941509435625,vod,house
48,c5.2xlarge,0.741416700981,[8],['CPU'],['aws'],0.34,2.1806373558264704,vod,house
49,r5.xlarge,0.668804423736,[4],['Memory'],['aws'],0.252,2.6539858084761905,vod,house
50,m5.large,0.603839870428,[2],['General'],['aws'],0.096,6.2899986502916665,vod,house
51,n1-standard-2,0.49768853799999996,[2],['General'],['google'],0.095,5.2388267157894735,vod,house
52,c5.2xlarge,0.7266948811590002,[8],['CPU'],['aws'],0.34,2.137337885761765,vod,house
53,r5.xlarge,0.656442538618,[4],['Memory'],['aws'],0.252,2.604930708801587,vod,house
54,r5.xlarge,0.650233314562,[4],['Memory'],['aws'],0.252,2.580290930801587,vod,house
55,m5.large,0.607938458015,[2],['General'],['aws'],0.096,6.332692270989583,vod,house
56,c5.2xlarge,0.730966432462,[8],['CPU'],['aws'],0.34,2.1499012719470585,vod,house
57,n1-highcpu-2,0.47293767021099997,[2],['CPU'],['google'],0.0709,6.670489001565585,vod,house
58,n1-highmem-8,0.52849123222,[8],['Memory'],['google'],0.4736,1.1159020950591216,vod,house
59,r5.large,0.654712020351,[2],['Memory'],['aws'],0.126,5.196127145642857,vod,house
60,n1-highcpu-4,0.517655334216,[4],['CPU'],['google'],0.1418,3.650601792778561,vod,house
61,n1-standard-8,0.49036902382499997,[8],['General'],['google'],0.38,1.2904447995394737,vod,house
62,n1-highmem-4,0.502078243102,[4],['Memory'],['google'],0.2368,2.1202628509375,vod,house
63,n1-highcpu-8,0.534740206049,[8],['CPU'],['google'],0.2836,1.8855437448836387,vod,house
64,m5.large,0.6089074033750002,[2],['General'],['aws'],0.096,6.342785451822918,vod,house
65,n1-standard-4,0.520711868707,[4],['General'],['google'],0.19,2.740588782668421,vod,house
66,n1-standard-2,0.48222642012700007,[2],['General'],['google'],0.095,5.076067580284211,vod,house
67,c5.large,0.698814247026,[2],['CPU'],['aws'],0.085,8.221344082658824,vod,house
68,m5.2xlarge,0.664010945774,[8],['General'],['aws'],0.384,1.7291951712864584,vod,house
69,n1-highmem-8,0.523683379732,[8],['Memory'],['google'],0.4736,1.105750379501689,vod,house
70,c5.2xlarge,0.7403612694290002,[8],['CPU'],['aws'],0.34,2.177533145379412,vod,house
71,n1-highcpu-2,0.47468681774700006,[2],['CPU'],['google'],0.0709,6.695159629717913,vod,house
72,n1-highcpu-4,0.51959873573,[4],['CPU'],['google'],0.1418,3.664307022073343,vod,house
73,n1-highcpu-2,0.474634938116,[2],['CPU'],['google'],0.0709,6.694427900084626,vod,house
74,n1-highcpu-8,0.529216520687,[8],['CPU'],['google'],0.2836,1.866066716103667,vod,house
75,r5.2xlarge,0.6519860469380001,[8],['Memory'],['aws'],0.504,1.2936231090039685,vod,house
76,n1-standard-8,0.47424918583199993,[8],['General'],['google'],0.38,1.2480241732421051,vod,house
77,n1-highmem-4,0.5255408923720001,[4],['Memory'],['google'],0.2368,2.2193449846790543,vod,house
78,r5.xlarge,0.64883105585,[4],['Memory'],['aws'],0.252,2.5747264121031748,vod,house
79,r5.large,0.6087825064969999,[2],['Memory'],['aws'],0.126,4.831607194420634,vod,house
80,n1-standard-4,0.5171323614029999,[4],['General'],['google'],0.19,2.7217492705421047,vod,house
81,n1-highmem-8,0.526577464985,[8],['Memory'],['google'],0.4736,1.1118612014041385,vod,house
82,n1-highcpu-2,0.48019099170599994,[2],['CPU'],['google'],0.0709,6.772792548744709,vod,house
83,n1-highcpu-4,0.530097269469,[4],['CPU'],['google'],0.1418,3.738344636593794,vod,house
84,n1-highcpu-8,0.502531162784,[8],['CPU'],['google'],0.2836,1.7719716600282087,vod,house
85,m5.large,0.60795539316,[2],['General'],['aws'],0.096,6.33286867875,vod,house
86,n1-highmem-4,0.5377011294059999,[4],['Memory'],['google'],0.2368,2.270697337018581,vod,house
87,c5.2xlarge,0.738559467383,[8],['CPU'],['aws'],0.34,2.172233727597059,vod,house
88,n1-standard-8,0.49036755750599986,[8],['General'],['google'],0.38,1.2904409408052628,vod,house
89,n1-highcpu-2,0.476493473665,[2],['CPU'],['google'],0.0709,6.720641377503526,vod,house
90,m5.2xlarge,0.669430313214,[8],['General'],['aws'],0.384,1.7433081073281251,vod,house
91,c5.large,0.679895423787,[2],['CPU'],['aws'],0.085,7.998769691611764,vod,house
92,r5.xlarge,0.651538974557,[4],['Memory'],['aws'],0.252,2.585472121257937,vod,house
93,n1-standard-4,0.4995573780559999,[4],['General'],['google'],0.19,2.6292493581894734,vod,house
94,r5.2xlarge,0.655233778596,[8],['Memory'],['aws'],0.504,1.3000670210238094,vod,house
95,r5.large,0.629132041887,[2],['Memory'],['aws'],0.126,4.993111443547619,vod,house
96,n1-highmem-8,0.4914606427999999,[8],['Memory'],['google'],0.4736,1.037712505912162,vod,house
97,n1-highcpu-4,0.53152709614,[4],['CPU'],['google'],0.1418,3.7484280404795487,vod,house
98,n1-highcpu-2,0.472240364613,[2],['CPU'],['google'],0.0709,6.660653943765867,vod,house
99,n1-highcpu-8,0.49648114888500006,[8],['CPU'],['google'],0.2836,1.750638747831453,vod,house
100,n1-standard-8,0.48905707790899994,[8],['General'],['google'],0.38,1.286992310286842,vod,house
101,n1-highmem-4,0.518698555933,[4],['Memory'],['google'],0.2368,2.1904499828251685,vod,house
102,n1-highcpu-2,0.481847239815,[2],['CPU'],['google'],0.0709,6.796152888787024,vod,house
103,m5.large,0.6099891360169999,[2],['General'],['aws'],0.096,6.3540535001770815,vod,house
104,m5.2xlarge,0.7305366203330002,[8],['General'],['aws'],0.384,1.9024391154505211,vod,house
105,n1-standard-4,0.518713405092,[4],['General'],['google'],0.19,2.7300705531157896,vod,house
106,c5.large,0.6830430681940001,[2],['CPU'],['aws'],0.085,8.035800802282353,vod,house
107,c5.2xlarge,0.727785743709,[8],['CPU'],['aws'],0.34,2.1405463050264704,vod,house
108,n1-highmem-8,0.531733742953,[8],['Memory'],['google'],0.4736,1.1227486126541386,vod,house
109,n1-highcpu-4,0.50136652131,[4],['CPU'],['google'],0.1418,3.5357300515514813,vod,house
110,n1-standard-8,0.5254242250760001,[8],['General'],['google'],0.38,1.3826953291473685,vod,house
111,n1-highcpu-8,0.495247092484,[8],['CPU'],['google'],0.2836,1.746287350084626,vod,house
112,n1-highmem-4,0.504192589023,[4],['Memory'],['google'],0.2368,2.1291916766173986,vod,house
113,r5.xlarge,0.654280384678,[4],['Memory'],['aws'],0.252,2.5963507328492064,vod,house
114,n1-highcpu-2,0.472499412777,[2],['CPU'],['google'],0.0709,6.664307655528914,vod,house
115,n1-highcpu-2,0.47986841706999994,[2],['CPU'],['google'],0.0709,6.768242835966149,vod,house
116,r5.2xlarge,0.654913232887,[8],['Memory'],['aws'],0.504,1.2994310176329364,vod,house
117,r5.large,0.628214852566,[2],['Memory'],['aws'],0.126,4.985832163222222,vod,house
118,n1-highmem-8,0.530565494273,[8],['Memory'],['google'],0.4736,1.1202818713534628,vod,house
119,n1-standard-8,0.529390591871,[8],['General'],['google'],0.38,1.3931331365026316,vod,house
120,m5.large,0.603026236191,[2],['General'],['aws'],0.096,6.28152329365625,vod,house
121,m5.2xlarge,0.719357298411,[8],['General'],['aws'],0.384,1.8733262979453127,vod,house
122,c5.large,0.6777597361079999,[2],['CPU'],['aws'],0.085,7.973643954211763,vod,house
123,n1-highcpu-2,0.488118987613,[2],['CPU'],['google'],0.0709,6.8846119550493645,vod,house
124,n1-highcpu-2,0.47585459209599995,[2],['CPU'],['google'],0.0709,6.7116303539633275,vod,house
125,c5.2xlarge,0.732076895685,[8],['CPU'],['aws'],0.34,2.15316734025,vod,house
126,r5.xlarge,0.660198157546,[4],['Memory'],['aws'],0.252,2.6198339585158728,vod,house
127,r5.large,0.6111035287969999,[2],['Memory'],['aws'],0.126,4.850028006325396,vod,house
128,n1-highmem-8,0.534685280535,[8],['Memory'],['google'],0.4736,1.1289807443728883,vod,house
129,n1-standard-8,0.5134946938430001,[8],['General'],['google'],0.38,1.3513018259026317,vod,house
130,r5.2xlarge,0.6544688810169998,[8],['Memory'],['aws'],0.504,1.298549367097222,vod,house
131,n1-highcpu-2,0.4856361004640001,[2],['CPU'],['google'],0.0709,6.849592390183357,vod,house
132,n1-highcpu-2,0.484321711528,[2],['CPU'],['google'],0.0709,6.831053759210155,vod,house
133,r5.large,0.611085042578,[2],['Memory'],['aws'],0.126,4.849881290301587,vod,house
134,n1-highmem-8,0.535512781355,[8],['Memory'],['google'],0.4736,1.130728001171875,vod,house
135,c5.2xlarge,0.727557598278,[8],['CPU'],['aws'],0.34,2.139875289052941,vod,house
136,m5.large,0.606822681909,[2],['General'],['aws'],0.096,6.32106960321875,vod,house
137,n1-standard-8,0.49196971564399994,[8],['General'],['google'],0.38,1.2946571464315788,vod,house
138,c5.large,0.686049244931,[2],['CPU'],['aws'],0.085,8.071167587423528,vod,house
139,r5.xlarge,0.661074457501,[4],['Memory'],['aws'],0.252,2.6233113392896827,vod,house
140,n1-highcpu-2,0.482384084238,[2],['CPU'],['google'],0.0709,6.803724742425952,vod,house
141,n1-highmem-8,0.49008446687999996,[8],['Memory'],['google'],0.4736,1.034806729054054,vod,house
142,r5.2xlarge,0.656182085482,[8],['Memory'],['aws'],0.504,1.3019485823055554,vod,house
143,n1-standard-8,0.5246730661,[8],['General'],['google'],0.38,1.3807185949999998,vod,house
144,c5.2xlarge,0.730763839139,[8],['CPU'],['aws'],0.34,2.149305409232353,vod,house
145,r5.large,0.618838983787,[2],['Memory'],['aws'],0.126,4.911420506246031,vod,house
146,m5.large,0.609551437893,[2],['General'],['aws'],0.096,6.34949414471875,vod,house
147,c5.large,0.683857912586,[2],['CPU'],['aws'],0.085,8.045387206894118,vod,house
148,n1-highmem-8,0.5260442011749998,[8],['Memory'],['google'],0.4736,1.1107352220755908,vod,house
149,n1-highcpu-2,0.48272166976700004,[2],['CPU'],['google'],0.0709,6.808486174428773,vod,house
150,n1-standard-8,0.527833668864,[8],['General'],['google'],0.38,1.3890359706947368,vod,house
151,c5.2xlarge,0.726963128293,[8],['CPU'],['aws'],0.34,2.138126847920588,vod,house
152,r5.xlarge,0.6584966992729999,[4],['Memory'],['aws'],0.252,2.6130821399722217,vod,house
153,r5.2xlarge,0.653078887518,[8],['Memory'],['aws'],0.504,1.2957914434880953,vod,house
154,r5.large,0.621890749601,[2],['Memory'],['aws'],0.126,4.935640869849206,vod,house
155,n1-highmem-8,0.532471733439,[8],['Memory'],['google'],0.4736,1.1243068695924832,vod,house
156,m5.large,0.6085327902760002,[2],['General'],['aws'],0.096,6.338883232041668,vod,house
157,n1-standard-8,0.518497954433,[8],['General'],['google'],0.38,1.3644683011394736,vod,house
158,r5.2xlarge,0.653497826972,[8],['Memory'],['aws'],0.504,1.296622672563492,vod,house
159,c5.large,0.684607444797,[2],['CPU'],['aws'],0.085,8.05420523290588,vod,house
160,n1-highcpu-2,0.47550703068800004,[2],['CPU'],['google'],0.0709,6.706728218448519,vod,house
161,r5.xlarge,0.652312012704,[4],['Memory'],['aws'],0.252,2.588539732952381,vod,house
162,n1-highmem-8,0.526745160755,[8],['Memory'],['google'],0.4736,1.1122152887563344,vod,house
163,n1-standard-8,0.502204756071,[8],['General'],['google'],0.38,1.3215914633447368,vod,house
164,m5.large,0.61023227995,[2],['General'],['aws'],0.096,6.356586249479166,vod,house
165,n1-highcpu-2,0.4812102681049999,[2],['CPU'],['google'],0.0709,6.787168802609307,vod,house
166,c5.large,0.6839631561449999,[2],['CPU'],['aws'],0.085,8.046625366411764,vod,house
167,r5.large,0.6083314887389999,[2],['Memory'],['aws'],0.126,4.828027688404761,vod,house
168,r5.2xlarge,0.6545363066119999,[8],['Memory'],['aws'],0.504,1.2986831480396823,vod,house
169,n1-highmem-8,0.5255212313490001,[8],['Memory'],['google'],0.4736,1.1096309783551521,vod,house
170,r5.xlarge,0.6529085325419999,[4],['Memory'],['aws'],0.252,2.590906875166666,vod,house
171,n1-highcpu-2,0.474310711148,[2],['CPU'],['google'],0.0709,6.689854882200281,vod,house
172,m5.large,0.609883029326,[2],['General'],['aws'],0.096,6.352948222145834,vod,house
173,c5.large,0.674623548717,[2],['CPU'],['aws'],0.085,7.936747631964706,vod,house
174,r5.2xlarge,0.707463308,[8],['Memory'],['aws'],0.504,1.4036970396825397,vod,house
175,n1-highcpu-2,0.4762142492309999,[2],['CPU'],['google'],0.0709,6.7167030921156545,vod,house
176,r5.xlarge,0.649124294889,[4],['Memory'],['aws'],0.252,2.5758900590833336,vod,house
177,c5.large,0.676540485446,[2],['CPU'],['aws'],0.085,7.959299828776469,vod,house
178,n1-standard-2,0.48926967528200005,[2],['General'],['google'],0.095,5.150207108231579,vod,house
179,r5.2xlarge,0.654203290833,[8],['Memory'],['aws'],0.504,1.2980224024464286,vod,house
180,m5.xlarge,0.655876998605,[4],['General'],['aws'],0.192,3.4160260344010416,vod,house
181,m5.2xlarge,0.6565004566549999,[8],['General'],['aws'],0.384,1.7096366058723955,vod,house
182,c5.2xlarge,0.727332250844,[8],['CPU'],['aws'],0.34,2.1392125024823527,vod,house
183,n1-standard-2,0.492501797162,[2],['General'],['google'],0.095,5.184229443810526,vod,house
184,c5.xlarge,0.7424702074779999,[4],['CPU'],['aws'],0.17,4.367471808694116,vod,house
185,c5.large,0.687033440394,[2],['CPU'],['aws'],0.085,8.08274635757647,vod,house
186,m5.2xlarge,0.660084934132,[8],['General'],['aws'],0.384,1.7189711826354166,vod,house
187,c5.2xlarge,0.7395254159880001,[8],['CPU'],['aws'],0.34,2.1750747529058825,vod,house
188,n1-standard-2,0.49223536152100006,[2],['General'],['google'],0.095,5.18142485811579,vod,house
189,m5.xlarge,0.660244807812,[4],['General'],['aws'],0.192,3.4387750406875,vod,house
190,r5.2xlarge,0.658712701561,[8],['Memory'],['aws'],0.504,1.3069696459543652,vod,house
191,c5.large,0.6845639508870001,[2],['CPU'],['aws'],0.085,8.053693539847059,vod,house
192,c5.xlarge,0.731366486363,[4],['CPU'],['aws'],0.17,4.302155802135293,vod,house
193,n1-standard-2,0.48867505601999994,[2],['General'],['google'],0.095,5.1439479581052625,vod,house
194,c5.2xlarge,0.746524960089,[8],['CPU'],['aws'],0.34,2.195661647320588,vod,house
195,m5.2xlarge,0.6653773504910001,[8],['General'],['aws'],0.384,1.732753516903646,vod,house
196,m5.xlarge,0.65233625551,[4],['General'],['aws'],0.192,3.397584664114583,vod,house
197,r5.2xlarge,0.6626252765679999,[8],['Memory'],['aws'],0.504,1.3147326916031743,vod,house
198,c5.xlarge,0.7314598161670001,[4],['CPU'],['aws'],0.17,4.302704800982353,vod,house
199,c5.large,0.691678596265,[2],['CPU'],['aws'],0.085,8.13739525017647,vod,house
200,n1-standard-2,0.489694504922,[2],['General'],['google'],0.095,5.154678999178947,vod,house
201,c5.2xlarge,0.7464914836870002,[8],['CPU'],['aws'],0.34,2.1955631873147063,vod,house
202,m5.xlarge,0.650417688785,[4],['General'],['aws'],0.192,3.3875921290885413,vod,house
203,m5.2xlarge,0.662862247061,[8],['General'],['aws'],0.384,1.726203768388021,vod,house
204,c5.xlarge,0.7290786955309998,[4],['CPU'],['aws'],0.17,4.288698209005881,vod,house
205,n1-standard-2,0.486765304447,[2],['General'],['google'],0.095,5.123845309968421,vod,house
206,r5.2xlarge,0.660332914754,[8],['Memory'],['aws'],0.504,1.3101843546706349,vod,house
207,c5.2xlarge,0.752197854233,[8],['CPU'],['aws'],0.34,2.2123466300970587,vod,house
208,m5.xlarge,0.644007379639,[4],['General'],['aws'],0.192,3.3542051022864583,vod,house
209,n1-standard-2,0.48076568158499994,[2],['General'],['google'],0.095,5.060691385105263,vod,house
210,m5.2xlarge,0.655086745383,[8],['General'],['aws'],0.384,1.7059550661015626,vod,house
211,c5.xlarge,0.730512898895,[4],['CPU'],['aws'],0.17,4.297134699382353,vod,house
212,r5.2xlarge,0.6666858127959998,[8],['Memory'],['aws'],0.504,1.3227893111031743,vod,house
213,c5.2xlarge,0.7258828422580001,[8],['CPU'],['aws'],0.34,2.1349495360529414,vod,house
214,n1-standard-2,0.483285500911,[2],['General'],['google'],0.095,5.0872157990631575,vod,house
215,m5.xlarge,0.649561351505,[4],['General'],['aws'],0.192,3.383132039088542,vod,house
216,m5.2xlarge,0.6939488503679999,[8],['General'],['aws'],0.384,1.8071584644999998,vod,house
217,c5.xlarge,0.7351357998089999,[4],['CPU'],['aws'],0.17,4.324328234170587,vod,house
218,n1-standard-2,0.48209765665300003,[2],['General'],['google'],0.095,5.074712175294737,vod,house
219,c5.2xlarge,0.7248581110149999,[8],['CPU'],['aws'],0.34,2.1319356206323525,vod,house
220,r5.2xlarge,0.657016862864,[8],['Memory'],['aws'],0.504,1.3036048866349206,vod,house
221,m5.xlarge,0.651321960935,[4],['General'],['aws'],0.192,3.392301879869792,vod,house
222,m5.2xlarge,0.678426449679,[8],['General'],['aws'],0.384,1.7667355460390626,vod,house
223,n1-standard-2,0.4841881042219999,[2],['General'],['google'],0.095,5.096716886547368,vod,house
224,c5.xlarge,0.734419878483,[4],['CPU'],['aws'],0.17,4.320116932252941,vod,house
225,c5.2xlarge,0.727833224719,[8],['CPU'],['aws'],0.34,2.1406859550558823,vod,house
226,m5.xlarge,0.654193819405,[4],['General'],['aws'],0.192,3.407259476067708,vod,house
227,m5.2xlarge,0.66545834457,[8],['General'],['aws'],0.384,1.7329644389843748,vod,house
228,c5.xlarge,0.754737540906,[4],['CPU'],['aws'],0.17,4.439632593564705,vod,house
229,c5.2xlarge,0.7430720189049999,[8],['CPU'],['aws'],0.34,2.185505937955882,vod,house
230,m5.xlarge,0.6546893112830001,[4],['General'],['aws'],0.192,3.409840162932292,vod,house
231,c5.xlarge,0.7411956550090002,[4],['CPU'],['aws'],0.17,4.359974441229412,vod,house
232,m5.2xlarge,0.66549913349,[8],['General'],['aws'],0.384,1.7330706601302084,vod,house
233,c5.2xlarge,0.745416006504,[8],['CPU'],['aws'],0.34,2.1924000191294115,vod,house
234,m5.xlarge,0.6520389136430002,[4],['General'],['aws'],0.192,3.3960360085572923,vod,house
235,c5.xlarge,0.7459334421030003,[4],['CPU'],['aws'],0.17,4.387843777076472,vod,house
236,m5.2xlarge,0.665190666722,[8],['General'],['aws'],0.384,1.7322673612552082,vod,house
237,n1-highmem-2,0.477061123611,[2],['Memory'],['google'],0.1184,4.029232462930743,vod,house
238,n1-highmem-2,0.48215018511999996,[2],['Memory'],['google'],0.1184,4.072214401351351,vod,house
239,n1-highmem-2,0.49421749649300006,[2],['Memory'],['google'],0.1184,4.174134260920608,vod,house
240,n1-highmem-2,0.48895698711900004,[2],['Memory'],['google'],0.1184,4.129704283099662,vod,house
241,n1-highmem-2,0.490235707002,[2],['Memory'],['google'],0.1184,4.140504282111486,vod,house
242,n1-highmem-2,0.491561397104,[2],['Memory'],['google'],0.1184,4.151700989054054,vod,house
243,n1-highmem-2,0.48759308735600015,[2],['Memory'],['google'],0.1184,4.118184859425677,vod,house
244,n1-highmem-2,0.492568719203,[2],['Memory'],['google'],0.1184,4.160208777052365,vod,house
245,n1-highmem-2,0.4810529857499999,[2],['Memory'],['google'],0.1184,4.062947514780404,vod,house
246,n1-highmem-2,0.481542323564,[2],['Memory'],['google'],0.1184,4.067080435506757,vod,house
247,n1-highmem-2,0.49484832947,[2],['Memory'],['google'],0.1184,4.17946224214527,vod,house
248,n1-highmem-2,0.4904710946060001,[2],['Memory'],['google'],0.1184,4.1424923530912166,vod,house
249,n1-highmem-2,0.490885841571,[2],['Memory'],['google'],0.1184,4.145995283538851,vod,house
250,n1-highmem-2,0.4837950489049999,[2],['Memory'],['google'],0.1184,4.086106831967904,vod,house
251,n1-highmem-2,0.479489205048,[2],['Memory'],['google'],0.1184,4.0497399075,vod,house
252,n1-highmem-2,0.48064807643300006,[2],['Memory'],['google'],0.1184,4.059527672576014,vod,house
253,n1-highmem-2,0.48962732261999997,[2],['Memory'],['google'],0.1184,4.1353659005067565,vod,house
254,n1-highmem-2,0.484212798064,[2],['Memory'],['google'],0.1184,4.089635118783784,vod,house
255,n1-highmem-2,0.4795803155390001,[2],['Memory'],['google'],0.1184,4.050509421782095,vod,house
256,n1-highmem-2,0.483082999858,[2],['Memory'],['google'],0.1184,4.080092904206081,vod,house
257,n1-standard-2,0.486276288048,[2],['General'],['google'],0.095,5.118697768926316,vod,house
258,n1-standard-2,0.494495418794,[2],['General'],['google'],0.095,5.205214934673684,vod,house
259,n1-standard-2,0.48248608348699995,[2],['General'],['google'],0.095,5.078800878810526,vod,house
260,n1-standard-2,0.486510689386,[2],['General'],['google'],0.095,5.121165151431579,vod,house
261,n1-highmem-4,0.528465221803,[4],['Memory'],['google'],0.2368,2.2316943488302368,vod,house
262,n1-highcpu-8,0.518057222805,[8],['CPU'],['google'],0.2836,1.8267179929654442,vod,house
263,n1-standard-2,0.496638015352,[2],['General'],['google'],0.095,5.227768582652631,vod,house
264,n1-standard-2,0.486826661523,[2],['General'],['google'],0.095,5.124491173926316,vod,house
265,n1-standard-8,0.520531942181,[8],['General'],['google'],0.38,1.3698209004763158,vod,house
266,n1-standard-2,0.462968070853,[2],['General'],['google'],0.095,4.873348114242106,vod,house
267,n1-standard-2,0.491504878073,[2],['General'],['google'],0.095,5.173735558663157,vod,house
268,n1-highmem-4,0.513033567759,[4],['Memory'],['google'],0.2368,2.1665268908741555,vod,house
269,n1-highcpu-8,0.523445904198,[8],['CPU'],['google'],0.2836,1.8457189851833566,vod,house
270,n1-standard-2,0.48329820362399994,[2],['General'],['google'],0.095,5.087349511831579,vod,house
271,n1-highcpu-2,0.486716797196,[2],['CPU'],['google'],0.0709,6.864834939294781,vod,house
272,n1-standard-2,0.4764705602639999,[2],['General'],['google'],0.095,5.015479581726315,vod,house
273,n1-standard-2,0.491208235039,[2],['General'],['google'],0.095,5.170613000410526,vod,house
274,n1-standard-2,0.480695432977,[2],['General'],['google'],0.095,5.059951926073684,vod,house
275,n1-highmem-4,0.49817425246600006,[4],['Memory'],['google'],0.2368,2.1037764039949325,vod,house
276,n1-highcpu-8,0.511359988383,[8],['CPU'],['google'],0.2836,1.8031029209555711,vod,house
277,n1-standard-2,0.486287852269,[2],['General'],['google'],0.095,5.118819497568421,vod,house
278,n1-standard-2,0.489729775,[2],['General'],['google'],0.095,5.155050263157895,vod,house
279,n1-highcpu-2,0.451214151787,[2],['CPU'],['google'],0.0709,6.36409240884344,vod,house
280,n1-standard-2,0.48649266452500006,[2],['General'],['google'],0.095,5.120975416052632,vod,house
281,n1-standard-2,0.479779444538,[2],['General'],['google'],0.095,5.050309942505263,vod,house
282,n1-highcpu-2,0.48772436753,[2],['CPU'],['google'],0.0709,6.879046086459802,vod,house
283,n1-highcpu-2,0.486969458988,[2],['CPU'],['google'],0.0709,6.868398575289139,vod,house
284,n1-highcpu-8,0.492514025022,[8],['CPU'],['google'],0.2836,1.7366502997954865,vod,house
285,n1-standard-8,0.501045215917,[8],['General'],['google'],0.38,1.318540041886842,vod,house
286,n1-highcpu-4,0.518561644544,[4],['CPU'],['google'],0.1418,3.656993261946403,vod,house
287,n1-highmem-4,0.521046475074,[4],['Memory'],['google'],0.2368,2.200365181900338,vod,house
288,n1-highcpu-8,0.512471707493,[8],['CPU'],['google'],0.2836,1.807022946026093,vod,house
289,n1-standard-2,0.48778687550199995,[2],['General'],['google'],0.095,5.134598689494736,vod,house
290,n1-standard-2,0.492451088975,[2],['General'],['google'],0.095,5.183695673421052,vod,house
291,n1-standard-8,0.506788378389,[8],['General'],['google'],0.38,1.3336536273394737,vod,house
292,n1-standard-8,0.526536379279,[8],['General'],['google'],0.38,1.3856220507342105,vod,house
293,n1-standard-2,0.47926205823199997,[2],['General'],['google'],0.095,5.044863770863158,vod,house
294,n1-highcpu-2,0.479056168422,[2],['CPU'],['google'],0.0709,6.756786578589562,vod,house
295,n1-standard-2,0.49219801166199995,[2],['General'],['google'],0.095,5.181031701705263,vod,house
296,n1-standard-2,0.477392773017,[2],['General'],['google'],0.095,5.025187084389474,vod,house
297,n1-highmem-4,0.525766176599,[4],['Memory'],['google'],0.2368,2.2202963538809124,vod,house
298,n1-standard-2,0.485942329613,[2],['General'],['google'],0.095,5.115182416978947,vod,house
299,n1-highcpu-8,0.522927270278,[8],['CPU'],['google'],0.2836,1.8438902337023977,vod,house
300,n1-standard-2,0.476282576278,[2],['General'],['google'],0.095,5.013500802926316,vod,house
301,n1-standard-4,0.506305075596,[4],['General'],['google'],0.19,2.6647635557684213,vod,house
302,n1-highcpu-2,0.4782467784450001,[2],['CPU'],['google'],0.0709,6.745370640973202,vod,house
303,n1-standard-8,0.475176177507,[8],['General'],['google'],0.38,1.250463625018421,vod,house
304,n1-standard-2,0.479198372493,[2],['General'],['google'],0.095,5.044193394663158,vod,house
305,n1-highcpu-2,0.477014659697,[2],['CPU'],['google'],0.0709,6.727992379365303,vod,house
306,n1-highmem-4,0.5095731369,[4],['Memory'],['google'],0.2368,2.1519135848817563,vod,house
307,n1-highcpu-8,0.517355192094,[8],['CPU'],['google'],0.2836,1.8242425673272216,vod,house
308,n1-standard-2,0.481820353007,[2],['General'],['google'],0.095,5.0717931895473685,vod,house
309,n1-standard-2,0.4796074651319999,[2],['General'],['google'],0.095,5.04849963296842,vod,house
310,n1-highcpu-2,0.474619414639,[2],['CPU'],['google'],0.0709,6.694208951184766,vod,house
311,n1-standard-2,0.47992124989199997,[2],['General'],['google'],0.095,5.051802630442105,vod,house
312,n1-standard-8,0.53628081364,[8],['General'],['google'],0.38,1.4112652990526315,vod,house
313,n1-highcpu-4,0.515846008256,[4],['CPU'],['google'],0.1418,3.637842089252468,vod,house
314,n1-highcpu-2,0.492929551184,[2],['CPU'],['google'],0.0709,6.952461934894217,vod,house
315,n1-highmem-4,0.505233882729,[4],['Memory'],['google'],0.2368,2.1335890317947634,vod,house
316,n1-standard-2,0.484671358386,[2],['General'],['google'],0.095,5.10180377248421,vod,house
317,n1-highcpu-8,0.507152574961,[8],['CPU'],['google'],0.2836,1.7882671895662903,vod,house
318,n1-standard-2,0.483181455826,[2],['General'],['google'],0.095,5.086120587642105,vod,house
319,n1-standard-8,0.525446976477,[8],['General'],['google'],0.38,1.382755201255263,vod,house
320,n1-standard-2,0.483192221446,[2],['General'],['google'],0.095,5.086233909957895,vod,house
321,n1-highcpu-2,0.446943059615,[2],['CPU'],['google'],0.0709,6.3038513344851905,vod,house
322,n1-standard-2,0.49297317711,[2],['General'],['google'],0.095,5.189191338,vod,house
323,n1-standard-2,0.4922409686390001,[2],['General'],['google'],0.095,5.181483880410527,vod,house
324,n1-highmem-2,0.487791216079,[2],['Memory'],['google'],0.1184,4.119858243910473,vod,house
325,n1-highcpu-2,0.474614529756,[2],['CPU'],['google'],0.0709,6.694140052976022,vod,house
326,n1-highcpu-2,0.490916036628,[2],['CPU'],['google'],0.0709,6.924062575853314,vod,house
327,n1-highcpu-8,0.511972714144,[8],['CPU'],['google'],0.2836,1.8052634490267983,vod,house
328,n1-highcpu-2,0.485934951904,[2],['CPU'],['google'],0.0709,6.853807502172073,vod,house
329,n1-highcpu-2,0.484946508075,[2],['CPU'],['google'],0.0709,6.83986612235543,vod,house
330,n1-highcpu-2,0.475655064152,[2],['CPU'],['google'],0.0709,6.708816137545838,vod,house
331,n1-highmem-4,0.523660306384,[4],['Memory'],['google'],0.2368,2.2114033208783783,vod,house
332,n1-highcpu-8,0.518297779517,[8],['CPU'],['google'],0.2836,1.8275662183251056,vod,house
333,n1-standard-2,0.484767951104,[2],['General'],['google'],0.095,5.102820537936842,vod,house
334,n1-standard-2,0.481266050995,[2],['General'],['google'],0.095,5.065958431526316,vod,house
335,n1-standard-2,0.484439722585,[2],['General'],['google'],0.095,5.099365500894737,vod,house
336,n1-highcpu-2,0.474064405354,[2],['CPU'],['google'],0.0709,6.686380893568406,vod,house
337,n1-standard-2,0.48618746642800004,[2],['General'],['google'],0.095,5.117762804505263,vod,house
338,n1-highcpu-2,0.480248648143,[2],['CPU'],['google'],0.0709,6.773605756600846,vod,house
339,n1-highcpu-2,0.473885088635,[2],['CPU'],['google'],0.0709,6.683851743794076,vod,house
340,n1-highcpu-8,0.520456784457,[8],['CPU'],['google'],0.2836,1.8351790707228492,vod,house
341,n1-standard-2,0.4749000357359999,[2],['General'],['google'],0.095,4.998947744589473,vod,house
342,n1-highmem-4,0.518234075995,[4],['Memory'],['google'],0.2368,2.188488496600507,vod,house
343,n1-standard-2,0.47783134768299995,[2],['General'],['google'],0.095,5.029803659821052,vod,house
344,n1-standard-2,0.48601443181,[2],['General'],['google'],0.095,5.115941387473684,vod,house
345,n1-highcpu-2,0.4852223736380001,[2],['CPU'],['google'],0.0709,6.843757032976023,vod,house
346,n1-standard-2,0.48894989024,[2],['General'],['google'],0.095,5.146840949894737,vod,house
347,n1-standard-2,0.47890549609599997,[2],['General'],['google'],0.095,5.041110485221052,vod,house
348,n1-highcpu-2,0.48201273072,[2],['CPU'],['google'],0.0709,6.798487034132581,vod,house
349,n1-highmem-4,0.515279525159,[4],['Memory'],['google'],0.2368,2.1760115082728038,vod,house
350,n1-highcpu-8,0.519101374268,[8],['CPU'],['google'],0.2836,1.8303997682228488,vod,house
351,n1-standard-2,0.489087917046,[2],['General'],['google'],0.095,5.148293863642105,vod,house
352,n1-standard-2,0.484356227951,[2],['General'],['google'],0.095,5.098486610010526,vod,house
353,n1-standard-8,0.519177618469,[8],['General'],['google'],0.38,1.3662568907078947,vod,house
354,n1-standard-2,0.485338439487,[2],['General'],['google'],0.095,5.108825678810526,vod,house
355,n1-highmem-4,0.510351495406,[4],['Memory'],['google'],0.2368,2.1552005718158784,vod,house
356,n1-standard-2,0.490109387298,[2],['General'],['google'],0.095,5.159046182084211,vod,house
357,n1-highcpu-8,0.510507732886,[8],['CPU'],['google'],0.2836,1.8000977887376588,vod,house
358,n1-standard-2,0.49581934027599994,[2],['General'],['google'],0.095,5.219150950273684,vod,house
359,n1-highmem-2,0.491399584644,[2],['Memory'],['google'],0.1184,4.150334329763513,vod,house
360,n1-standard-8,0.469467944624,[8],['General'],['google'],0.38,1.235441959536842,vod,house
361,n1-standard-2,0.462081000077,[2],['General'],['google'],0.095,4.864010527126315,vod,house
362,n1-standard-2,0.48772843806800004,[2],['General'],['google'],0.095,5.1339835586105265,vod,house
363,n1-standard-2,0.468253467014,[2],['General'],['google'],0.095,4.928983863305263,vod,house
364,m5.large,0.612263767357,[2],['General'],['aws'],0.096,6.377747576635417,vod,house
365,r5.xlarge,0.672034868284,[4],['Memory'],['aws'],0.252,2.666805032873016,vod,house
366,n1-standard-2,0.489213460618,[2],['General'],['google'],0.095,5.149615374926316,vod,house
367,m5.2xlarge,0.678501394122,[8],['General'],['aws'],0.384,1.7669307138593748,vod,house
368,c5.large,0.689560514674,[2],['CPU'],['aws'],0.085,8.112476643223529,vod,house
369,c5.large,0.686348960825,[2],['CPU'],['aws'],0.085,8.074693656764705,vod,house
370,m5.large,0.614041186921,[2],['General'],['aws'],0.096,6.396262363760416,vod,house
371,r5.xlarge,0.658555864401,[4],['Memory'],['aws'],0.252,2.6133169222261903,vod,house
372,m5.large,0.61292070371,[2],['General'],['aws'],0.096,6.384590663645833,vod,house
373,c5.large,0.687503065307,[2],['CPU'],['aws'],0.085,8.08827135655294,vod,house
374,c5.large,0.680595505346,[2],['CPU'],['aws'],0.085,8.007005945247059,vod,house
375,c5.2xlarge,0.73816090646,[8],['CPU'],['aws'],0.34,2.171061489588235,vod,house
376,n1-highcpu-2,0.48056101793300005,[2],['CPU'],['google'],0.0709,6.778011536431594,vod,house
377,m5.large,0.601514233313,[2],['General'],['aws'],0.096,6.265773263677083,vod,house
378,r5.xlarge,0.674834216128,[4],['Memory'],['aws'],0.252,2.677913556063492,vod,house
379,c5.large,0.676081641637,[2],['CPU'],['aws'],0.085,7.9539016663176465,vod,house
380,c5.xlarge,0.752386316919,[4],['CPU'],['aws'],0.17,4.4258018642294115,vod,house
381,n1-highcpu-2,0.488219972685,[2],['CPU'],['google'],0.0709,6.886036286107193,vod,house
382,m5.2xlarge,0.661272746756,[8],['General'],['aws'],0.384,1.7220644446770834,vod,house
383,m5.large,0.610506363101,[2],['General'],['aws'],0.096,6.359441282302083,vod,house
384,n1-standard-2,0.48487729570199994,[2],['General'],['google'],0.095,5.103971533705263,vod,house
385,m5.2xlarge,0.664689048975,[8],['General'],['aws'],0.384,1.7309610650390626,vod,house
386,r5.large,0.609269118557,[2],['Memory'],['aws'],0.126,4.835469194896825,vod,house
387,n1-standard-2,0.4851265995180001,[2],['General'],['google'],0.095,5.1065957844000005,vod,house
388,n1-highcpu-4,0.512960018755,[4],['CPU'],['google'],0.1418,3.617489553984485,vod,house
389,n1-standard-2,0.497231189676,[2],['General'],['google'],0.095,5.234012522905263,vod,house
390,n1-standard-8,0.52096708225,[8],['General'],['google'],0.38,1.3709660059210527,vod,house
391,n1-standard-2,0.49071115468,[2],['General'],['google'],0.095,5.165380575578947,vod,house
392,m5.large,0.609826215517,[2],['General'],['aws'],0.096,6.352356411635417,vod,house
393,r5.xlarge,0.65664678102,[4],['Memory'],['aws'],0.252,2.605741194523809,vod,house
394,m5.2xlarge,0.684849668369,[8],['General'],['aws'],0.384,1.7834626780442706,vod,house
395,n1-standard-2,0.480366638917,[2],['General'],['google'],0.095,5.056490935968421,vod,house
396,c5.large,0.685012537379,[2],['CPU'],['aws'],0.085,8.058971027988235,vod,house
397,c5.large,0.691952881009,[2],['CPU'],['aws'],0.085,8.140622129517647,vod,house
398,m5.large,0.609463762397,[2],['General'],['aws'],0.096,6.348580858302083,vod,house
399,r5.xlarge,0.6559680637,[4],['Memory'],['aws'],0.252,2.603047871825397,vod,house
400,m5.2xlarge,0.646724015599,[8],['General'],['aws'],0.384,1.684177123955729,vod,house
401,r5.large,0.620741825829,[2],['Memory'],['aws'],0.126,4.926522427214286,vod,house
402,m5.large,0.609001741778,[2],['General'],['aws'],0.096,6.343768143520833,vod,house
403,n1-standard-2,0.48396739319099996,[2],['General'],['google'],0.095,5.094393612536842,vod,house
404,m5.large,0.609826483062,[2],['General'],['aws'],0.096,6.3523591985625005,vod,house
405,m5.large,0.610594045081,[2],['General'],['aws'],0.096,6.360354636260417,vod,house
406,m5.large,0.61313741794,[2],['General'],['aws'],0.096,6.386848103541666,vod,house
407,r5.xlarge,0.677463314429,[4],['Memory'],['aws'],0.252,2.688346485829365,vod,house
408,m5.2xlarge,0.654772012756,[8],['General'],['aws'],0.384,1.7051354498854168,vod,house
409,n1-standard-2,0.485321308284,[2],['General'],['google'],0.095,5.108645350357895,vod,house
410,c5.large,0.697525724361,[2],['CPU'],['aws'],0.085,8.206184992482353,vod,house
411,c5.large,0.6816617660709999,[2],['CPU'],['aws'],0.085,8.019550189070587,vod,house
412,m5.large,0.613575614155,[2],['General'],['aws'],0.096,6.391412647447916,vod,house
413,r5.xlarge,0.657091833066,[4],['Memory'],['aws'],0.252,2.6075072740714287,vod,house
414,n1-standard-2,0.47615249320099995,[2],['General'],['google'],0.095,5.012131507378947,vod,house
415,c5.large,0.68923423509,[2],['CPU'],['aws'],0.085,8.108638059882352,vod,house
416,c5.large,0.6826288547760001,[2],['CPU'],['aws'],0.085,8.030927703247059,vod,house
417,c5.2xlarge,0.754289433996,[8],['CPU'],['aws'],0.34,2.218498335282353,vod,house
418,c5.large,0.679110370205,[2],['CPU'],['aws'],0.085,7.9895337671176465,vod,house
419,n1-highcpu-2,0.481406386542,[2],['CPU'],['google'],0.0709,6.789934930070522,vod,house
420,c5.large,0.686222791759,[2],['CPU'],['aws'],0.085,8.073209314811765,vod,house
421,c5.large,0.686979120384,[2],['CPU'],['aws'],0.085,8.082107298635293,vod,house
422,c5.large,0.687747269679,[2],['CPU'],['aws'],0.085,8.091144349164706,vod,house
423,m5.large,0.613186084801,[2],['General'],['aws'],0.096,6.387355050010417,vod,house
424,r5.xlarge,0.653466622113,[4],['Memory'],['aws'],0.252,2.5931215163214287,vod,house
425,n1-standard-2,0.481273811323,[2],['General'],['google'],0.095,5.0660401191894735,vod,house
426,m5.2xlarge,0.654005481451,[8],['General'],['aws'],0.384,1.7031392746119791,vod,house
427,c5.large,0.685056224969,[2],['CPU'],['aws'],0.085,8.059484999635293,vod,house
428,c5.large,0.688295441093,[2],['CPU'],['aws'],0.085,8.097593424623529,vod,house
429,c5.large,0.69323245168,[2],['CPU'],['aws'],0.085,8.155675902117647,vod,house
430,n1-highcpu-2,0.483988714147,[2],['CPU'],['google'],0.0709,6.826357040155147,vod,house
431,c5.large,0.689922372762,[2],['CPU'],['aws'],0.085,8.116733797199998,vod,house
432,c5.large,0.678068088643,[2],['CPU'],['aws'],0.085,7.977271631094117,vod,house
433,c5.large,0.698261075484,[2],['CPU'],['aws'],0.085,8.214836182164705,vod,house
434,m5.large,0.611057328139,[2],['General'],['aws'],0.096,6.365180501447917,vod,house
435,r5.xlarge,0.654980757423,[4],['Memory'],['aws'],0.252,2.5991299897738096,vod,house
436,m5.2xlarge,0.656620200607,[8],['General'],['aws'],0.384,1.7099484390807291,vod,house
437,c5.large,0.682838027125,[2],['CPU'],['aws'],0.085,8.033388554411763,vod,house
438,c5.large,0.6851346997809998,[2],['CPU'],['aws'],0.085,8.060408232717645,vod,house
439,n1-highcpu-2,0.481644388314,[2],['CPU'],['google'],0.0709,6.793291795684062,vod,house
440,c5.large,0.690154167846,[2],['CPU'],['aws'],0.085,8.119460798188236,vod,house
441,c5.large,0.672222015957,[2],['CPU'],['aws'],0.085,7.908494305376471,vod,house
442,n1-highcpu-8,0.527029893154,[8],['CPU'],['google'],0.2836,1.8583564638716499,vod,house
443,n1-standard-2,0.479410340957,[2],['General'],['google'],0.095,5.0464246416526315,vod,house
444,n1-standard-4,0.502654528384,[4],['General'],['google'],0.19,2.6455501493894737,vod,house
445,n1-highmem-8,0.49317782374899993,[8],['Memory'],['google'],0.4736,1.0413383102808276,vod,house
446,n1-highcpu-4,0.514715936726,[4],['CPU'],['google'],0.1418,3.629872614428773,vod,house
447,n1-standard-4,0.528115251228,[4],['General'],['google'],0.19,2.7795539538315785,vod,house
448,n1-highmem-8,0.513683541029,[8],['Memory'],['google'],0.4736,1.0846358552132602,vod,house
449,r5.large,0.614352054151,[2],['Memory'],['aws'],0.126,4.875809953579365,vod,house
450,n1-highcpu-4,0.519083927486,[4],['CPU'],['google'],0.1418,3.6606764984908318,vod,house
451,n1-standard-4,0.51464366032,[4],['General'],['google'],0.19,2.7086508437894734,vod,house
452,n1-highmem-8,0.512697229571,[8],['Memory'],['google'],0.4736,1.0825532718982263,vod,house
453,n1-highcpu-4,0.528946271035,[4],['CPU'],['google'],0.1418,3.7302275813469676,vod,house
454,r5.large,0.62711927844,[2],['Memory'],['aws'],0.126,4.977137130476191,vod,house
455,n1-standard-4,0.508081718602,[4],['General'],['google'],0.19,2.674114308431579,vod,house
456,n1-highmem-8,0.504102134221,[8],['Memory'],['google'],0.4736,1.0644048442166385,vod,house
457,n1-highcpu-4,0.508110426671,[4],['CPU'],['google'],0.1418,3.583289327722144,vod,house
458,n1-standard-4,0.504073428998,[4],['General'],['google'],0.19,2.653018047357895,vod,house
459,r5.large,0.613969248133,[2],['Memory'],['aws'],0.126,4.872771810579366,vod,house
460,n1-highcpu-4,0.52716761927,[4],['CPU'],['google'],0.1418,3.7176841979548656,vod,house
461,n1-standard-4,0.516271076864,[4],['General'],['google'],0.19,2.7172161940210526,vod,house
462,r5.large,0.649531294688,[2],['Memory'],['aws'],0.126,5.155010275301587,vod,house
463,n1-highcpu-4,0.4990979982,[4],['CPU'],['google'],0.1418,3.5197320042313116,vod,house
464,n1-standard-4,0.499395112279,[4],['General'],['google'],0.19,2.6283953277842107,vod,house
465,n1-highcpu-4,0.511248989919,[4],['CPU'],['google'],0.1418,3.605423060077574,vod,house
466,n1-standard-4,0.498295134931,[4],['General'],['google'],0.19,2.6226059733210527,vod,house
467,r5.large,0.619172216166,[2],['Memory'],['aws'],0.126,4.914065207666667,vod,house
468,n1-standard-4,0.49765963795799995,[4],['General'],['google'],0.19,2.619261252410526,vod,house
469,r5.large,0.613362334156,[2],['Memory'],['aws'],0.126,4.867955032984128,vod,house
470,n1-standard-4,0.515948059183,[4],['General'],['google'],0.19,2.715516100963158,vod,house
471,n1-standard-4,0.49838607886399994,[4],['General'],['google'],0.19,2.6230846255999998,vod,house
472,r5.large,0.658146071731,[2],['Memory'],['aws'],0.126,5.223381521674604,vod,house
473,r5.large,0.611558206591,[2],['Memory'],['aws'],0.126,4.853636560246032,vod,house
474,r5.large,0.656409251074,[2],['Memory'],['aws'],0.126,5.2095972307460325,vod,house
475,c5.xlarge,0.741286126444,[4],['CPU'],['aws'],0.17,4.360506626141176,vod,house
476,m5.xlarge,0.658914573876,[4],['General'],['aws'],0.192,3.4318467389375003,vod,house
477,r5.2xlarge,0.661225913675,[8],['Memory'],['aws'],0.504,1.3119561779265874,vod,house
478,c5.xlarge,0.738684549914,[4],['CPU'],['aws'],0.17,4.345203234788235,vod,house
479,m5.xlarge,0.658163404289,[4],['General'],['aws'],0.192,3.4279343973385417,vod,house
480,r5.2xlarge,0.66030375725,[8],['Memory'],['aws'],0.504,1.3101265024801587,vod,house
481,c5.xlarge,0.736137684664,[4],['CPU'],['aws'],0.17,4.330221674494117,vod,house
482,m5.xlarge,0.656657062213,[4],['General'],['aws'],0.192,3.4200888656927084,vod,house
483,c5.xlarge,0.728004336578,[4],['CPU'],['aws'],0.17,4.282378450458824,vod,house
484,r5.2xlarge,0.665602406352,[8],['Memory'],['aws'],0.504,1.3206396951428572,vod,house
485,m5.xlarge,0.667575752067,[4],['General'],['aws'],0.192,3.4769570420156253,vod,house
486,c5.xlarge,0.735678640395,[4],['CPU'],['aws'],0.17,4.327521414088235,vod,house
487,r5.2xlarge,0.666092423397,[8],['Memory'],['aws'],0.504,1.321611951184524,vod,house
488,m5.xlarge,0.646564950686,[4],['General'],['aws'],0.192,3.3675257848229165,vod,house
489,c5.xlarge,0.751723320806,[4],['CPU'],['aws'],0.17,4.421901887094117,vod,house
490,r5.2xlarge,0.660200337596,[8],['Memory'],['aws'],0.504,1.3099213047539684,vod,house
491,m5.xlarge,0.652445020456,[4],['General'],['aws'],0.192,3.398151148208333,vod,house
492,c5.xlarge,0.753048035717,[4],['CPU'],['aws'],0.17,4.429694327747058,vod,house
493,c5.xlarge,0.750448344041,[4],['CPU'],['aws'],0.17,4.414402023770588,vod,house
494,m5.xlarge,0.644488907214,[4],['General'],['aws'],0.192,3.3567130584062497,vod,house
495,c5.xlarge,0.751402758646,[4],['CPU'],['aws'],0.17,4.420016227329412,vod,house
496,c5.xlarge,0.7525528428929998,[4],['CPU'],['aws'],0.17,4.426781428782352,vod,house
497,n1-standard-4,0.51778499362,[4],['General'],['google'],0.19,2.7251841769473684,vod,house
498,n1-highmem-8,0.524699218577,[8],['Memory'],['google'],0.4736,1.1078953094953545,vod,house
499,n1-highmem-4,0.49497906396200003,[4],['Memory'],['google'],0.2368,2.0902832092989865,vod,house
500,n1-standard-4,0.524844698641,[4],['General'],['google'],0.19,2.762340519163158,vod,house
501,n1-highmem-8,0.510610625413,[8],['Memory'],['google'],0.4736,1.0781474354159626,vod,house
502,n1-highcpu-4,0.513515515929,[4],['CPU'],['google'],0.1418,3.6214070234767277,vod,house
503,n1-highmem-4,0.507081768256,[4],['Memory'],['google'],0.2368,2.1413926024324326,vod,house
504,n1-standard-4,0.506928927737,[4],['General'],['google'],0.19,2.6680469880894737,vod,house
505,n1-highmem-8,0.512848279606,[8],['Memory'],['google'],0.4736,1.082872212005912,vod,house
506,n1-highcpu-4,0.512110974591,[4],['CPU'],['google'],0.1418,3.6115019364668544,vod,house
507,r5.xlarge,0.658342927109,[4],['Memory'],['aws'],0.252,2.6124719329722224,vod,house
508,n1-highmem-4,0.525427932508,[4],['Memory'],['google'],0.2368,2.2188679582263515,vod,house
509,n1-highmem-4,0.509807506684,[4],['Memory'],['google'],0.2368,2.1529033221452702,vod,house
510,r5.xlarge,0.655912980923,[4],['Memory'],['aws'],0.252,2.602829289376984,vod,house
511,n1-highcpu-4,0.488665414952,[4],['CPU'],['google'],0.1418,3.4461594848519037,vod,house
512,n1-highcpu-4,0.506496742781,[4],['CPU'],['google'],0.1418,3.5719093284978842,vod,house
513,n1-highcpu-4,0.514358659368,[4],['CPU'],['google'],0.1418,3.6273530279830744,vod,house
514,r5.xlarge,0.65580629818,[4],['Memory'],['aws'],0.252,2.60240594515873,vod,house
515,r5.xlarge,0.648251432656,[4],['Memory'],['aws'],0.252,2.5724263200634923,vod,house
